All Area,Zone,Log,current level,Current Side,Plant,Row,Max Bay,Bay,Level,StartSide,Side,Location_Code
A011L,A,01,1,L,PS1,A,12,12,1,R,L,PS1_A_12_1_L
A011R,A,01,1,R,PS1,A,12,12,1,R,R,PS1_A_12_1_R
A012L,A,01,2,L,PS1,A,12,12,2,R,L,PS1_A_12_2_L
A012R,A,01,2,R,PS1,A,12,12,2,R,R,PS1_A_12_2_R
A013L,A,01,3,L,PS1,A,12,12,3,R,L,PS1_A_12_3_L
A013R,A,01,3,R,PS1,A,12,12,3,R,R,PS1_A_12_3_R
A014L,A,01,4,L,PS1,A,12,12,4,R,L,PS1_A_12_4_L
A014R,A,01,4,R,PS1,A,12,12,4,R,R,PS1_A_12_4_R
A015L,A,01,5,L,PS1,A,12,12,5,R,L,PS1_A_12_5_L
A015R,A,01,5,R,PS1,A,12,12,5,R,R,PS1_A_12_5_R
A016L,A,01,6,L,PS1,A,12,12,6,R,L,PS1_A_12_6_L
A016R,A,01,6,R,PS1,A,12,12,6,R,R,PS1_A_12_6_R
A021L,A,02,1,L,PS1,A,12,11,1,R,L,PS1_A_11_1_L
A021R,A,02,1,R,PS1,A,12,11,1,R,R,PS1_A_11_1_R
A022L,A,02,2,L,PS1,A,12,11,2,R,L,PS1_A_11_2_L
A022R,A,02,2,R,PS1,A,12,11,2,R,R,PS1_A_11_2_R
A023L,A,02,3,L,PS1,A,12,11,3,R,L,PS1_A_11_3_L
A023R,A,02,3,R,PS1,A,12,11,3,R,R,PS1_A_11_3_R
A024L,A,02,4,L,PS1,A,12,11,4,R,L,PS1_A_11_4_L
A024R,A,02,4,R,PS1,A,12,11,4,R,R,PS1_A_11_4_R
A025L,A,02,5,L,PS1,A,12,11,5,R,L,PS1_A_11_5_L
A025R,A,02,5,R,PS1,A,12,11,5,R,R,PS1_A_11_5_R
A026L,A,02,6,L,PS1,A,12,11,6,R,L,PS1_A_11_6_L
A026R,A,02,6,R,PS1,A,12,11,6,R,R,PS1_A_11_6_R
A031L,A,03,1,L,PS1,A,12,10,1,R,L,PS1_A_10_1_L
A031R,A,03,1,R,PS1,A,12,10,1,R,R,PS1_A_10_1_R
A032L,A,03,2,L,PS1,A,12,10,2,R,L,PS1_A_10_2_L
A032R,A,03,2,R,PS1,A,12,10,2,R,R,PS1_A_10_2_R
A033L,A,03,3,L,PS1,A,12,10,3,R,L,PS1_A_10_3_L
A033R,A,03,3,R,PS1,A,12,10,3,R,R,PS1_A_10_3_R
A034L,A,03,4,L,PS1,A,12,10,4,R,L,PS1_A_10_4_L
A034R,A,03,4,R,PS1,A,12,10,4,R,R,PS1_A_10_4_R
A035L,A,03,5,L,PS1,A,12,10,5,R,L,PS1_A_10_5_L
A035R,A,03,5,R,PS1,A,12,10,5,R,R,PS1_A_10_5_R
A036L,A,03,6,L,PS1,A,12,10,6,R,L,PS1_A_10_6_L
A036R,A,03,6,R,PS1,A,12,10,6,R,R,PS1_A_10_6_R
A041L,A,04,1,L,PS1,A,12,09,1,R,L,PS1_A_09_1_L
A041R,A,04,1,R,PS1,A,12,09,1,R,R,PS1_A_09_1_R
A042L,A,04,2,L,PS1,A,12,09,2,R,L,PS1_A_09_2_L
A042R,A,04,2,R,PS1,A,12,09,2,R,R,PS1_A_09_2_R
A043L,A,04,3,L,PS1,A,12,09,3,R,L,PS1_A_09_3_L
A043R,A,04,3,R,PS1,A,12,09,3,R,R,PS1_A_09_3_R
A044L,A,04,4,L,PS1,A,12,09,4,R,L,PS1_A_09_4_L
A044R,A,04,4,R,PS1,A,12,09,4,R,R,PS1_A_09_4_R
A045L,A,04,5,L,PS1,A,12,09,5,R,L,PS1_A_09_5_L
A045R,A,04,5,R,PS1,A,12,09,5,R,R,PS1_A_09_5_R
A046L,A,04,6,L,PS1,A,12,09,6,R,L,PS1_A_09_6_L
A046R,A,04,6,R,PS1,A,12,09,6,R,R,PS1_A_09_6_R
A051L,A,05,1,L,PS1,A,12,08,1,R,L,PS1_A_08_1_L
A051R,A,05,1,R,PS1,A,12,08,1,R,R,PS1_A_08_1_R
A052L,A,05,2,L,PS1,A,12,08,2,R,L,PS1_A_08_2_L
A052R,A,05,2,R,PS1,A,12,08,2,R,R,PS1_A_08_2_R
A053L,A,05,3,L,PS1,A,12,08,3,R,L,PS1_A_08_3_L
A053R,A,05,3,R,PS1,A,12,08,3,R,R,PS1_A_08_3_R
A054L,A,05,4,L,PS1,A,12,08,4,R,L,PS1_A_08_4_L
A054R,A,05,4,R,PS1,A,12,08,4,R,R,PS1_A_08_4_R
A055L,A,05,5,L,PS1,A,12,08,5,R,L,PS1_A_08_5_L
A055R,A,05,5,R,PS1,A,12,08,5,R,R,PS1_A_08_5_R
A056L,A,05,6,L,PS1,A,12,08,6,R,L,PS1_A_08_6_L
A056R,A,05,6,R,PS1,A,12,08,6,R,R,PS1_A_08_6_R
A061L,A,06,1,L,PS1,A,12,07,1,R,L,PS1_A_07_1_L
A061R,A,06,1,R,PS1,A,12,07,1,R,R,PS1_A_07_1_R
A062L,A,06,2,L,PS1,A,12,07,2,R,L,PS1_A_07_2_L
A062R,A,06,2,R,PS1,A,12,07,2,R,R,PS1_A_07_2_R
A063L,A,06,3,L,PS1,A,12,07,3,R,L,PS1_A_07_3_L
A063R,A,06,3,R,PS1,A,12,07,3,R,R,PS1_A_07_3_R
A064L,A,06,4,L,PS1,A,12,07,4,R,L,PS1_A_07_4_L
A064R,A,06,4,R,PS1,A,12,07,4,R,R,PS1_A_07_4_R
A065L,A,06,5,L,PS1,A,12,07,5,R,L,PS1_A_07_5_L
A065R,A,06,5,R,PS1,A,12,07,5,R,R,PS1_A_07_5_R
A066L,A,06,6,L,PS1,A,12,07,6,R,L,PS1_A_07_6_L
A066R,A,06,6,R,PS1,A,12,07,6,R,R,PS1_A_07_6_R
A071L,A,07,1,L,PS1,A,12,06,1,R,L,PS1_A_06_1_L
A071R,A,07,1,R,PS1,A,12,06,1,R,R,PS1_A_06_1_R
A072L,A,07,2,L,PS1,A,12,06,2,R,L,PS1_A_06_2_L
A072R,A,07,2,R,PS1,A,12,06,2,R,R,PS1_A_06_2_R
A073L,A,07,3,L,PS1,A,12,06,3,R,L,PS1_A_06_3_L
A073R,A,07,3,R,PS1,A,12,06,3,R,R,PS1_A_06_3_R
A074L,A,07,4,L,PS1,A,12,06,4,R,L,PS1_A_06_4_L
A074R,A,07,4,R,PS1,A,12,06,4,R,R,PS1_A_06_4_R
A075L,A,07,5,L,PS1,A,12,06,5,R,L,PS1_A_06_5_L
A075R,A,07,5,R,PS1,A,12,06,5,R,R,PS1_A_06_5_R
A076L,A,07,6,L,PS1,A,12,06,6,R,L,PS1_A_06_6_L
A076R,A,07,6,R,PS1,A,12,06,6,R,R,PS1_A_06_6_R
A081L,A,08,1,L,PS1,A,12,05,1,R,L,PS1_A_05_1_L
A081R,A,08,1,R,PS1,A,12,05,1,R,R,PS1_A_05_1_R
A082L,A,08,2,L,PS1,A,12,05,2,R,L,PS1_A_05_2_L
A082R,A,08,2,R,PS1,A,12,05,2,R,R,PS1_A_05_2_R
A083L,A,08,3,L,PS1,A,12,05,3,R,L,PS1_A_05_3_L
A083R,A,08,3,R,PS1,A,12,05,3,R,R,PS1_A_05_3_R
A084L,A,08,4,L,PS1,A,12,05,4,R,L,PS1_A_05_4_L
A084R,A,08,4,R,PS1,A,12,05,4,R,R,PS1_A_05_4_R
A085L,A,08,5,L,PS1,A,12,05,5,R,L,PS1_A_05_5_L
A085R,A,08,5,R,PS1,A,12,05,5,R,R,PS1_A_05_5_R
A086L,A,08,6,L,PS1,A,12,05,6,R,L,PS1_A_05_6_L
A086R,A,08,6,R,PS1,A,12,05,6,R,R,PS1_A_05_6_R
A091L,A,09,1,L,PS1,A,12,04,1,R,L,PS1_A_04_1_L
A091R,A,09,1,R,PS1,A,12,04,1,R,R,PS1_A_04_1_R
A092L,A,09,2,L,PS1,A,12,04,2,R,L,PS1_A_04_2_L
A092R,A,09,2,R,PS1,A,12,04,2,R,R,PS1_A_04_2_R
A093L,A,09,3,L,PS1,A,12,04,3,R,L,PS1_A_04_3_L
A093R,A,09,3,R,PS1,A,12,04,3,R,R,PS1_A_04_3_R
A094L,A,09,4,L,PS1,A,12,04,4,R,L,PS1_A_04_4_L
A094R,A,09,4,R,PS1,A,12,04,4,R,R,PS1_A_04_4_R
A095L,A,09,5,L,PS1,A,12,04,5,R,L,PS1_A_04_5_L
A095R,A,09,5,R,PS1,A,12,04,5,R,R,PS1_A_04_5_R
A096L,A,09,6,L,PS1,A,12,04,6,R,L,PS1_A_04_6_L
A096R,A,09,6,R,PS1,A,12,04,6,R,R,PS1_A_04_6_R
A101L,A,10,1,L,PS1,A,12,03,1,R,L,PS1_A_03_1_L
A101R,A,10,1,R,PS1,A,12,03,1,R,R,PS1_A_03_1_R
A102L,A,10,2,L,PS1,A,12,03,2,R,L,PS1_A_03_2_L
A102R,A,10,2,R,PS1,A,12,03,2,R,R,PS1_A_03_2_R
A103L,A,10,3,L,PS1,A,12,03,3,R,L,PS1_A_03_3_L
A103R,A,10,3,R,PS1,A,12,03,3,R,R,PS1_A_03_3_R
A104L,A,10,4,L,PS1,A,12,03,4,R,L,PS1_A_03_4_L
A104R,A,10,4,R,PS1,A,12,03,4,R,R,PS1_A_03_4_R
A105L,A,10,5,L,PS1,A,12,03,5,R,L,PS1_A_03_5_L
A105R,A,10,5,R,PS1,A,12,03,5,R,R,PS1_A_03_5_R
A106L,A,10,6,L,PS1,A,12,03,6,R,L,PS1_A_03_6_L
A106R,A,10,6,R,PS1,A,12,03,6,R,R,PS1_A_03_6_R
A111L,A,11,1,L,PS1,A,12,02,1,R,L,PS1_A_02_1_L
A111R,A,11,1,R,PS1,A,12,02,1,R,R,PS1_A_02_1_R
A112L,A,11,2,L,PS1,A,12,02,2,R,L,PS1_A_02_2_L
A112R,A,11,2,R,PS1,A,12,02,2,R,R,PS1_A_02_2_R
A113L,A,11,3,L,PS1,A,12,02,3,R,L,PS1_A_02_3_L
A113R,A,11,3,R,PS1,A,12,02,3,R,R,PS1_A_02_3_R
A114L,A,11,4,L,PS1,A,12,02,4,R,L,PS1_A_02_4_L
A114R,A,11,4,R,PS1,A,12,02,4,R,R,PS1_A_02_4_R
A115L,A,11,5,L,PS1,A,12,02,5,R,L,PS1_A_02_5_L
A115R,A,11,5,R,PS1,A,12,02,5,R,R,PS1_A_02_5_R
A116L,A,11,6,L,PS1,A,12,02,6,R,L,PS1_A_02_6_L
A116R,A,11,6,R,PS1,A,12,02,6,R,R,PS1_A_02_6_R
A121L,A,12,1,L,PS1,A,12,01,1,R,L,PS1_A_01_1_L
A121R,A,12,1,R,PS1,A,12,01,1,R,R,PS1_A_01_1_R
A122L,A,12,2,L,PS1,A,12,01,2,R,L,PS1_A_01_2_L
A122R,A,12,2,R,PS1,A,12,01,2,R,R,PS1_A_01_2_R
A123L,A,12,3,L,PS1,A,12,01,3,R,L,PS1_A_01_3_L
A123R,A,12,3,R,PS1,A,12,01,3,R,R,PS1_A_01_3_R
A124L,A,12,4,L,PS1,A,12,01,4,R,L,PS1_A_01_4_L
A124R,A,12,4,R,PS1,A,12,01,4,R,R,PS1_A_01_4_R
A125L,A,12,5,L,PS1,A,12,01,5,R,L,PS1_A_01_5_L
A125R,A,12,5,R,PS1,A,12,01,5,R,R,PS1_A_01_5_R
A126L,A,12,6,L,PS1,A,12,01,6,R,L,PS1_A_01_6_L
A126R,A,12,6,R,PS1,A,12,01,6,R,R,PS1_A_01_6_R
B011L,B,01,1,L,PS1,B,12,12,1,L,L,PS1_B_12_1_L
B011R,B,01,1,R,PS1,B,12,12,1,L,R,PS1_B_12_1_R
B012L,B,01,2,L,PS1,B,12,12,2,L,L,PS1_B_12_2_L
B012R,B,01,2,R,PS1,B,12,12,2,L,R,PS1_B_12_2_R
B013L,B,01,3,L,PS1,B,12,12,3,L,L,PS1_B_12_3_L
B013R,B,01,3,R,PS1,B,12,12,3,L,R,PS1_B_12_3_R
B014L,B,01,4,L,PS1,B,12,12,4,L,L,PS1_B_12_4_L
B014R,B,01,4,R,PS1,B,12,12,4,L,R,PS1_B_12_4_R
B015L,B,01,5,L,PS1,B,12,12,5,L,L,PS1_B_12_5_L
B015R,B,01,5,R,PS1,B,12,12,5,L,R,PS1_B_12_5_R
B016L,B,01,6,L,PS1,B,12,12,6,L,L,PS1_B_12_6_L
B016R,B,01,6,R,PS1,B,12,12,6,L,R,PS1_B_12_6_R
B021L,B,02,1,L,PS1,B,12,11,1,L,L,PS1_B_11_1_L
B021R,B,02,1,R,PS1,B,12,11,1,L,R,PS1_B_11_1_R
B022L,B,02,2,L,PS1,B,12,11,2,L,L,PS1_B_11_2_L
B022R,B,02,2,R,PS1,B,12,11,2,L,R,PS1_B_11_2_R
B023L,B,02,3,L,PS1,B,12,11,3,L,L,PS1_B_11_3_L
B023R,B,02,3,R,PS1,B,12,11,3,L,R,PS1_B_11_3_R
B024L,B,02,4,L,PS1,B,12,11,4,L,L,PS1_B_11_4_L
B024R,B,02,4,R,PS1,B,12,11,4,L,R,PS1_B_11_4_R
B025L,B,02,5,L,PS1,B,12,11,5,L,L,PS1_B_11_5_L
B025R,B,02,5,R,PS1,B,12,11,5,L,R,PS1_B_11_5_R
B026L,B,02,6,L,PS1,B,12,11,6,L,L,PS1_B_11_6_L
B026R,B,02,6,R,PS1,B,12,11,6,L,R,PS1_B_11_6_R
B031L,B,03,1,L,PS1,B,12,10,1,L,L,PS1_B_10_1_L
B031R,B,03,1,R,PS1,B,12,10,1,L,R,PS1_B_10_1_R
B032L,B,03,2,L,PS1,B,12,10,2,L,L,PS1_B_10_2_L
B032R,B,03,2,R,PS1,B,12,10,2,L,R,PS1_B_10_2_R
B033L,B,03,3,L,PS1,B,12,10,3,L,L,PS1_B_10_3_L
B033R,B,03,3,R,PS1,B,12,10,3,L,R,PS1_B_10_3_R
B034L,B,03,4,L,PS1,B,12,10,4,L,L,PS1_B_10_4_L
B034R,B,03,4,R,PS1,B,12,10,4,L,R,PS1_B_10_4_R
B035L,B,03,5,L,PS1,B,12,10,5,L,L,PS1_B_10_5_L
B035R,B,03,5,R,PS1,B,12,10,5,L,R,PS1_B_10_5_R
B036L,B,03,6,L,PS1,B,12,10,6,L,L,PS1_B_10_6_L
B036R,B,03,6,R,PS1,B,12,10,6,L,R,PS1_B_10_6_R
B041L,B,04,1,L,PS1,B,12,09,1,L,L,PS1_B_09_1_L
B041R,B,04,1,R,PS1,B,12,09,1,L,R,PS1_B_09_1_R
B042L,B,04,2,L,PS1,B,12,09,2,L,L,PS1_B_09_2_L
B042R,B,04,2,R,PS1,B,12,09,2,L,R,PS1_B_09_2_R
B043L,B,04,3,L,PS1,B,12,09,3,L,L,PS1_B_09_3_L
B043R,B,04,3,R,PS1,B,12,09,3,L,R,PS1_B_09_3_R
B044L,B,04,4,L,PS1,B,12,09,4,L,L,PS1_B_09_4_L
B044R,B,04,4,R,PS1,B,12,09,4,L,R,PS1_B_09_4_R
B045L,B,04,5,L,PS1,B,12,09,5,L,L,PS1_B_09_5_L
B045R,B,04,5,R,PS1,B,12,09,5,L,R,PS1_B_09_5_R
B046L,B,04,6,L,PS1,B,12,09,6,L,L,PS1_B_09_6_L
B046R,B,04,6,R,PS1,B,12,09,6,L,R,PS1_B_09_6_R
B051L,B,05,1,L,PS1,B,12,08,1,L,L,PS1_B_08_1_L
B051R,B,05,1,R,PS1,B,12,08,1,L,R,PS1_B_08_1_R
B052L,B,05,2,L,PS1,B,12,08,2,L,L,PS1_B_08_2_L
B052R,B,05,2,R,PS1,B,12,08,2,L,R,PS1_B_08_2_R
B053L,B,05,3,L,PS1,B,12,08,3,L,L,PS1_B_08_3_L
B053R,B,05,3,R,PS1,B,12,08,3,L,R,PS1_B_08_3_R
B054L,B,05,4,L,PS1,B,12,08,4,L,L,PS1_B_08_4_L
B054R,B,05,4,R,PS1,B,12,08,4,L,R,PS1_B_08_4_R
B055L,B,05,5,L,PS1,B,12,08,5,L,L,PS1_B_08_5_L
B055R,B,05,5,R,PS1,B,12,08,5,L,R,PS1_B_08_5_R
B056L,B,05,6,L,PS1,B,12,08,6,L,L,PS1_B_08_6_L
B056R,B,05,6,R,PS1,B,12,08,6,L,R,PS1_B_08_6_R
B061L,B,06,1,L,PS1,B,12,07,1,L,L,PS1_B_07_1_L
B061R,B,06,1,R,PS1,B,12,07,1,L,R,PS1_B_07_1_R
B062L,B,06,2,L,PS1,B,12,07,2,L,L,PS1_B_07_2_L
B062R,B,06,2,R,PS1,B,12,07,2,L,R,PS1_B_07_2_R
B063L,B,06,3,L,PS1,B,12,07,3,L,L,PS1_B_07_3_L
B063R,B,06,3,R,PS1,B,12,07,3,L,R,PS1_B_07_3_R
B064L,B,06,4,L,PS1,B,12,07,4,L,L,PS1_B_07_4_L
B064R,B,06,4,R,PS1,B,12,07,4,L,R,PS1_B_07_4_R
B065L,B,06,5,L,PS1,B,12,07,5,L,L,PS1_B_07_5_L
B065R,B,06,5,R,PS1,B,12,07,5,L,R,PS1_B_07_5_R
B066L,B,06,6,L,PS1,B,12,07,6,L,L,PS1_B_07_6_L
B066R,B,06,6,R,PS1,B,12,07,6,L,R,PS1_B_07_6_R
B071L,B,07,1,L,PS1,B,12,06,1,L,L,PS1_B_06_1_L
B071R,B,07,1,R,PS1,B,12,06,1,L,R,PS1_B_06_1_R
B072L,B,07,2,L,PS1,B,12,06,2,L,L,PS1_B_06_2_L
B072R,B,07,2,R,PS1,B,12,06,2,L,R,PS1_B_06_2_R
B073L,B,07,3,L,PS1,B,12,06,3,L,L,PS1_B_06_3_L
B073R,B,07,3,R,PS1,B,12,06,3,L,R,PS1_B_06_3_R
B074L,B,07,4,L,PS1,B,12,06,4,L,L,PS1_B_06_4_L
B074R,B,07,4,R,PS1,B,12,06,4,L,R,PS1_B_06_4_R
B075L,B,07,5,L,PS1,B,12,06,5,L,L,PS1_B_06_5_L
B075R,B,07,5,R,PS1,B,12,06,5,L,R,PS1_B_06_5_R
B076L,B,07,6,L,PS1,B,12,06,6,L,L,PS1_B_06_6_L
B076R,B,07,6,R,PS1,B,12,06,6,L,R,PS1_B_06_6_R
B081L,B,08,1,L,PS1,B,12,05,1,L,L,PS1_B_05_1_L
B081R,B,08,1,R,PS1,B,12,05,1,L,R,PS1_B_05_1_R
B082L,B,08,2,L,PS1,B,12,05,2,L,L,PS1_B_05_2_L
B082R,B,08,2,R,PS1,B,12,05,2,L,R,PS1_B_05_2_R
B083L,B,08,3,L,PS1,B,12,05,3,L,L,PS1_B_05_3_L
B083R,B,08,3,R,PS1,B,12,05,3,L,R,PS1_B_05_3_R
B084L,B,08,4,L,PS1,B,12,05,4,L,L,PS1_B_05_4_L
B084R,B,08,4,R,PS1,B,12,05,4,L,R,PS1_B_05_4_R
B085L,B,08,5,L,PS1,B,12,05,5,L,L,PS1_B_05_5_L
B085R,B,08,5,R,PS1,B,12,05,5,L,R,PS1_B_05_5_R
B086L,B,08,6,L,PS1,B,12,05,6,L,L,PS1_B_05_6_L
B086R,B,08,6,R,PS1,B,12,05,6,L,R,PS1_B_05_6_R
B091L,B,09,1,L,PS1,B,12,04,1,L,L,PS1_B_04_1_L
B091R,B,09,1,R,PS1,B,12,04,1,L,R,PS1_B_04_1_R
B092L,B,09,2,L,PS1,B,12,04,2,L,L,PS1_B_04_2_L
B092R,B,09,2,R,PS1,B,12,04,2,L,R,PS1_B_04_2_R
B093L,B,09,3,L,PS1,B,12,04,3,L,L,PS1_B_04_3_L
B093R,B,09,3,R,PS1,B,12,04,3,L,R,PS1_B_04_3_R
B094L,B,09,4,L,PS1,B,12,04,4,L,L,PS1_B_04_4_L
B094R,B,09,4,R,PS1,B,12,04,4,L,R,PS1_B_04_4_R
B095L,B,09,5,L,PS1,B,12,04,5,L,L,PS1_B_04_5_L
B095R,B,09,5,R,PS1,B,12,04,5,L,R,PS1_B_04_5_R
B096L,B,09,6,L,PS1,B,12,04,6,L,L,PS1_B_04_6_L
B096R,B,09,6,R,PS1,B,12,04,6,L,R,PS1_B_04_6_R
B101L,B,10,1,L,PS1,B,12,03,1,L,L,PS1_B_03_1_L
B101R,B,10,1,R,PS1,B,12,03,1,L,R,PS1_B_03_1_R
B102L,B,10,2,L,PS1,B,12,03,2,L,L,PS1_B_03_2_L
B102R,B,10,2,R,PS1,B,12,03,2,L,R,PS1_B_03_2_R
B103L,B,10,3,L,PS1,B,12,03,3,L,L,PS1_B_03_3_L
B103R,B,10,3,R,PS1,B,12,03,3,L,R,PS1_B_03_3_R
B104L,B,10,4,L,PS1,B,12,03,4,L,L,PS1_B_03_4_L
B104R,B,10,4,R,PS1,B,12,03,4,L,R,PS1_B_03_4_R
B105L,B,10,5,L,PS1,B,12,03,5,L,L,PS1_B_03_5_L
B105R,B,10,5,R,PS1,B,12,03,5,L,R,PS1_B_03_5_R
B106L,B,10,6,L,PS1,B,12,03,6,L,L,PS1_B_03_6_L
B106R,B,10,6,R,PS1,B,12,03,6,L,R,PS1_B_03_6_R
B111L,B,11,1,L,PS1,B,12,02,1,L,L,PS1_B_02_1_L
B111R,B,11,1,R,PS1,B,12,02,1,L,R,PS1_B_02_1_R
B112L,B,11,2,L,PS1,B,12,02,2,L,L,PS1_B_02_2_L
B112R,B,11,2,R,PS1,B,12,02,2,L,R,PS1_B_02_2_R
B113L,B,11,3,L,PS1,B,12,02,3,L,L,PS1_B_02_3_L
B113R,B,11,3,R,PS1,B,12,02,3,L,R,PS1_B_02_3_R
B114L,B,11,4,L,PS1,B,12,02,4,L,L,PS1_B_02_4_L
B114R,B,11,4,R,PS1,B,12,02,4,L,R,PS1_B_02_4_R
B115L,B,11,5,L,PS1,B,12,02,5,L,L,PS1_B_02_5_L
B115R,B,11,5,R,PS1,B,12,02,5,L,R,PS1_B_02_5_R
B116L,B,11,6,L,PS1,B,12,02,6,L,L,PS1_B_02_6_L
B116R,B,11,6,R,PS1,B,12,02,6,L,R,PS1_B_02_6_R
B121L,B,12,1,L,PS1,B,12,01,1,L,L,PS1_B_01_1_L
B121R,B,12,1,R,PS1,B,12,01,1,L,R,PS1_B_01_1_R
B122L,B,12,2,L,PS1,B,12,01,2,L,L,PS1_B_01_2_L
B122R,B,12,2,R,PS1,B,12,01,2,L,R,PS1_B_01_2_R
B123L,B,12,3,L,PS1,B,12,01,3,L,L,PS1_B_01_3_L
B123R,B,12,3,R,PS1,B,12,01,3,L,R,PS1_B_01_3_R
B124L,B,12,4,L,PS1,B,12,01,4,L,L,PS1_B_01_4_L
B124R,B,12,4,R,PS1,B,12,01,4,L,R,PS1_B_01_4_R
B125L,B,12,5,L,PS1,B,12,01,5,L,L,PS1_B_01_5_L
B125R,B,12,5,R,PS1,B,12,01,5,L,R,PS1_B_01_5_R
B126L,B,12,6,L,PS1,B,12,01,6,L,L,PS1_B_01_6_L
B126R,B,12,6,R,PS1,B,12,01,6,L,R,PS1_B_01_6_R
C011L,C,01,1,L,PS2,C,14,14,1,R,L,PS2_C_14_1_L
C011R,C,01,1,R,PS2,C,14,14,1,R,R,PS2_C_14_1_R
C012L,C,01,2,L,PS2,C,14,14,2,R,L,PS2_C_14_2_L
C012R,C,01,2,R,PS2,C,14,14,2,R,R,PS2_C_14_2_R
C013L,C,01,3,L,PS2,C,14,14,3,R,L,PS2_C_14_3_L
C013R,C,01,3,R,PS2,C,14,14,3,R,R,PS2_C_14_3_R
C014L,C,01,4,L,PS2,C,14,14,4,R,L,PS2_C_14_4_L
C014R,C,01,4,R,PS2,C,14,14,4,R,R,PS2_C_14_4_R
C015L,C,01,5,L,PS2,C,14,14,5,R,L,PS2_C_14_5_L
C015R,C,01,5,R,PS2,C,14,14,5,R,R,PS2_C_14_5_R
C016L,C,01,6,L,PS2,C,14,14,6,R,L,PS2_C_14_6_L
C016R,C,01,6,R,PS2,C,14,14,6,R,R,PS2_C_14_6_R
C021L,C,02,1,L,PS2,C,14,13,1,R,L,PS2_C_13_1_L
C021R,C,02,1,R,PS2,C,14,13,1,R,R,PS2_C_13_1_R
C022L,C,02,2,L,PS2,C,14,13,2,R,L,PS2_C_13_2_L
C022R,C,02,2,R,PS2,C,14,13,2,R,R,PS2_C_13_2_R
C023L,C,02,3,L,PS2,C,14,13,3,R,L,PS2_C_13_3_L
C023R,C,02,3,R,PS2,C,14,13,3,R,R,PS2_C_13_3_R
C024L,C,02,4,L,PS2,C,14,13,4,R,L,PS2_C_13_4_L
C024R,C,02,4,R,PS2,C,14,13,4,R,R,PS2_C_13_4_R
C025L,C,02,5,L,PS2,C,14,13,5,R,L,PS2_C_13_5_L
C025R,C,02,5,R,PS2,C,14,13,5,R,R,PS2_C_13_5_R
C026L,C,02,6,L,PS2,C,14,13,6,R,L,PS2_C_13_6_L
C026R,C,02,6,R,PS2,C,14,13,6,R,R,PS2_C_13_6_R
C031L,C,03,1,L,PS2,C,14,12,1,R,L,PS2_C_12_1_L
C031R,C,03,1,R,PS2,C,14,12,1,R,R,PS2_C_12_1_R
C032L,C,03,2,L,PS2,C,14,12,2,R,L,PS2_C_12_2_L
C032R,C,03,2,R,PS2,C,14,12,2,R,R,PS2_C_12_2_R
C033L,C,03,3,L,PS2,C,14,12,3,R,L,PS2_C_12_3_L
C033R,C,03,3,R,PS2,C,14,12,3,R,R,PS2_C_12_3_R
C034L,C,03,4,L,PS2,C,14,12,4,R,L,PS2_C_12_4_L
C034R,C,03,4,R,PS2,C,14,12,4,R,R,PS2_C_12_4_R
C035L,C,03,5,L,PS2,C,14,12,5,R,L,PS2_C_12_5_L
C035R,C,03,5,R,PS2,C,14,12,5,R,R,PS2_C_12_5_R
C036L,C,03,6,L,PS2,C,14,12,6,R,L,PS2_C_12_6_L
C036R,C,03,6,R,PS2,C,14,12,6,R,R,PS2_C_12_6_R
C041L,C,04,1,L,PS2,C,14,11,1,R,L,PS2_C_11_1_L
C041R,C,04,1,R,PS2,C,14,11,1,R,R,PS2_C_11_1_R
C042L,C,04,2,L,PS2,C,14,11,2,R,L,PS2_C_11_2_L
C042R,C,04,2,R,PS2,C,14,11,2,R,R,PS2_C_11_2_R
C043L,C,04,3,L,PS2,C,14,11,3,R,L,PS2_C_11_3_L
C043R,C,04,3,R,PS2,C,14,11,3,R,R,PS2_C_11_3_R
C044L,C,04,4,L,PS2,C,14,11,4,R,L,PS2_C_11_4_L
C044R,C,04,4,R,PS2,C,14,11,4,R,R,PS2_C_11_4_R
C045L,C,04,5,L,PS2,C,14,11,5,R,L,PS2_C_11_5_L
C045R,C,04,5,R,PS2,C,14,11,5,R,R,PS2_C_11_5_R
C046L,C,04,6,L,PS2,C,14,11,6,R,L,PS2_C_11_6_L
C046R,C,04,6,R,PS2,C,14,11,6,R,R,PS2_C_11_6_R
C051L,C,05,1,L,PS2,C,14,10,1,R,L,PS2_C_10_1_L
C051R,C,05,1,R,PS2,C,14,10,1,R,R,PS2_C_10_1_R
C052L,C,05,2,L,PS2,C,14,10,2,R,L,PS2_C_10_2_L
C052R,C,05,2,R,PS2,C,14,10,2,R,R,PS2_C_10_2_R
C053L,C,05,3,L,PS2,C,14,10,3,R,L,PS2_C_10_3_L
C053R,C,05,3,R,PS2,C,14,10,3,R,R,PS2_C_10_3_R
C054L,C,05,4,L,PS2,C,14,10,4,R,L,PS2_C_10_4_L
C054R,C,05,4,R,PS2,C,14,10,4,R,R,PS2_C_10_4_R
C055L,C,05,5,L,PS2,C,14,10,5,R,L,PS2_C_10_5_L
C055R,C,05,5,R,PS2,C,14,10,5,R,R,PS2_C_10_5_R
C056L,C,05,6,L,PS2,C,14,10,6,R,L,PS2_C_10_6_L
C056R,C,05,6,R,PS2,C,14,10,6,R,R,PS2_C_10_6_R
C061L,C,06,1,L,PS2,C,14,09,1,R,L,PS2_C_09_1_L
C061R,C,06,1,R,PS2,C,14,09,1,R,R,PS2_C_09_1_R
C062L,C,06,2,L,PS2,C,14,09,2,R,L,PS2_C_09_2_L
C062R,C,06,2,R,PS2,C,14,09,2,R,R,PS2_C_09_2_R
C063L,C,06,3,L,PS2,C,14,09,3,R,L,PS2_C_09_3_L
C063R,C,06,3,R,PS2,C,14,09,3,R,R,PS2_C_09_3_R
C064L,C,06,4,L,PS2,C,14,09,4,R,L,PS2_C_09_4_L
C064R,C,06,4,R,PS2,C,14,09,4,R,R,PS2_C_09_4_R
C065L,C,06,5,L,PS2,C,14,09,5,R,L,PS2_C_09_5_L
C065R,C,06,5,R,PS2,C,14,09,5,R,R,PS2_C_09_5_R
C066L,C,06,6,L,PS2,C,14,09,6,R,L,PS2_C_09_6_L
C066R,C,06,6,R,PS2,C,14,09,6,R,R,PS2_C_09_6_R
C071L,C,07,1,L,PS2,C,14,08,1,R,L,PS2_C_08_1_L
C071R,C,07,1,R,PS2,C,14,08,1,R,R,PS2_C_08_1_R
C072L,C,07,2,L,PS2,C,14,08,2,R,L,PS2_C_08_2_L
C072R,C,07,2,R,PS2,C,14,08,2,R,R,PS2_C_08_2_R
C073L,C,07,3,L,PS2,C,14,08,3,R,L,PS2_C_08_3_L
C073R,C,07,3,R,PS2,C,14,08,3,R,R,PS2_C_08_3_R
C074L,C,07,4,L,PS2,C,14,08,4,R,L,PS2_C_08_4_L
C074R,C,07,4,R,PS2,C,14,08,4,R,R,PS2_C_08_4_R
C075L,C,07,5,L,PS2,C,14,08,5,R,L,PS2_C_08_5_L
C075R,C,07,5,R,PS2,C,14,08,5,R,R,PS2_C_08_5_R
C076L,C,07,6,L,PS2,C,14,08,6,R,L,PS2_C_08_6_L
C076R,C,07,6,R,PS2,C,14,08,6,R,R,PS2_C_08_6_R
C081L,C,08,1,L,PS2,C,14,07,1,R,L,PS2_C_07_1_L
C081R,C,08,1,R,PS2,C,14,07,1,R,R,PS2_C_07_1_R
C082L,C,08,2,L,PS2,C,14,07,2,R,L,PS2_C_07_2_L
C082R,C,08,2,R,PS2,C,14,07,2,R,R,PS2_C_07_2_R
C083L,C,08,3,L,PS2,C,14,07,3,R,L,PS2_C_07_3_L
C083R,C,08,3,R,PS2,C,14,07,3,R,R,PS2_C_07_3_R
C084L,C,08,4,L,PS2,C,14,07,4,R,L,PS2_C_07_4_L
C084R,C,08,4,R,PS2,C,14,07,4,R,R,PS2_C_07_4_R
C085L,C,08,5,L,PS2,C,14,07,5,R,L,PS2_C_07_5_L
C085R,C,08,5,R,PS2,C,14,07,5,R,R,PS2_C_07_5_R
C086L,C,08,6,L,PS2,C,14,07,6,R,L,PS2_C_07_6_L
C086R,C,08,6,R,PS2,C,14,07,6,R,R,PS2_C_07_6_R
C091L,C,09,1,L,PS2,C,14,06,1,R,L,PS2_C_06_1_L
C091R,C,09,1,R,PS2,C,14,06,1,R,R,PS2_C_06_1_R
C092L,C,09,2,L,PS2,C,14,06,2,R,L,PS2_C_06_2_L
C092R,C,09,2,R,PS2,C,14,06,2,R,R,PS2_C_06_2_R
C093L,C,09,3,L,PS2,C,14,06,3,R,L,PS2_C_06_3_L
C093R,C,09,3,R,PS2,C,14,06,3,R,R,PS2_C_06_3_R
C094L,C,09,4,L,PS2,C,14,06,4,R,L,PS2_C_06_4_L
C094R,C,09,4,R,PS2,C,14,06,4,R,R,PS2_C_06_4_R
C095L,C,09,5,L,PS2,C,14,06,5,R,L,PS2_C_06_5_L
C095R,C,09,5,R,PS2,C,14,06,5,R,R,PS2_C_06_5_R
C096L,C,09,6,L,PS2,C,14,06,6,R,L,PS2_C_06_6_L
C096R,C,09,6,R,PS2,C,14,06,6,R,R,PS2_C_06_6_R
C101L,C,10,1,L,PS2,C,14,05,1,R,L,PS2_C_05_1_L
C101R,C,10,1,R,PS2,C,14,05,1,R,R,PS2_C_05_1_R
C102L,C,10,2,L,PS2,C,14,05,2,R,L,PS2_C_05_2_L
C102R,C,10,2,R,PS2,C,14,05,2,R,R,PS2_C_05_2_R
C103L,C,10,3,L,PS2,C,14,05,3,R,L,PS2_C_05_3_L
C103R,C,10,3,R,PS2,C,14,05,3,R,R,PS2_C_05_3_R
C104L,C,10,4,L,PS2,C,14,05,4,R,L,PS2_C_05_4_L
C104R,C,10,4,R,PS2,C,14,05,4,R,R,PS2_C_05_4_R
C105L,C,10,5,L,PS2,C,14,05,5,R,L,PS2_C_05_5_L
C105R,C,10,5,R,PS2,C,14,05,5,R,R,PS2_C_05_5_R
C106L,C,10,6,L,PS2,C,14,05,6,R,L,PS2_C_05_6_L
C106R,C,10,6,R,PS2,C,14,05,6,R,R,PS2_C_05_6_R
C111L,C,11,1,L,PS2,C,14,04,1,R,L,PS2_C_04_1_L
C111R,C,11,1,R,PS2,C,14,04,1,R,R,PS2_C_04_1_R
C112L,C,11,2,L,PS2,C,14,04,2,R,L,PS2_C_04_2_L
C112R,C,11,2,R,PS2,C,14,04,2,R,R,PS2_C_04_2_R
C113L,C,11,3,L,PS2,C,14,04,3,R,L,PS2_C_04_3_L
C113R,C,11,3,R,PS2,C,14,04,3,R,R,PS2_C_04_3_R
C114L,C,11,4,L,PS2,C,14,04,4,R,L,PS2_C_04_4_L
C114R,C,11,4,R,PS2,C,14,04,4,R,R,PS2_C_04_4_R
C115L,C,11,5,L,PS2,C,14,04,5,R,L,PS2_C_04_5_L
C115R,C,11,5,R,PS2,C,14,04,5,R,R,PS2_C_04_5_R
C116L,C,11,6,L,PS2,C,14,04,6,R,L,PS2_C_04_6_L
C116R,C,11,6,R,PS2,C,14,04,6,R,R,PS2_C_04_6_R
C121L,C,12,1,L,PS2,C,14,03,1,R,L,PS2_C_03_1_L
C121R,C,12,1,R,PS2,C,14,03,1,R,R,PS2_C_03_1_R
C122L,C,12,2,L,PS2,C,14,03,2,R,L,PS2_C_03_2_L
C122R,C,12,2,R,PS2,C,14,03,2,R,R,PS2_C_03_2_R
C123L,C,12,3,L,PS2,C,14,03,3,R,L,PS2_C_03_3_L
C123R,C,12,3,R,PS2,C,14,03,3,R,R,PS2_C_03_3_R
C124L,C,12,4,L,PS2,C,14,03,4,R,L,PS2_C_03_4_L
C124R,C,12,4,R,PS2,C,14,03,4,R,R,PS2_C_03_4_R
C125L,C,12,5,L,PS2,C,14,03,5,R,L,PS2_C_03_5_L
C125R,C,12,5,R,PS2,C,14,03,5,R,R,PS2_C_03_5_R
C126L,C,12,6,L,PS2,C,14,03,6,R,L,PS2_C_03_6_L
C126R,C,12,6,R,PS2,C,14,03,6,R,R,PS2_C_03_6_R
C131L,C,13,1,L,PS2,C,14,02,1,R,L,PS2_C_02_1_L
C131R,C,13,1,R,PS2,C,14,02,1,R,R,PS2_C_02_1_R
C132L,C,13,2,L,PS2,C,14,02,2,R,L,PS2_C_02_2_L
C132R,C,13,2,R,PS2,C,14,02,2,R,R,PS2_C_02_2_R
C133L,C,13,3,L,PS2,C,14,02,3,R,L,PS2_C_02_3_L
C133R,C,13,3,R,PS2,C,14,02,3,R,R,PS2_C_02_3_R
C134L,C,13,4,L,PS2,C,14,02,4,R,L,PS2_C_02_4_L
C134R,C,13,4,R,PS2,C,14,02,4,R,R,PS2_C_02_4_R
C135L,C,13,5,L,PS2,C,14,02,5,R,L,PS2_C_02_5_L
C135R,C,13,5,R,PS2,C,14,02,5,R,R,PS2_C_02_5_R
C136L,C,13,6,L,PS2,C,14,02,6,R,L,PS2_C_02_6_L
C136R,C,13,6,R,PS2,C,14,02,6,R,R,PS2_C_02_6_R
C141L,C,14,1,L,PS2,C,14,01,1,R,L,PS2_C_01_1_L
C141R,C,14,1,R,PS2,C,14,01,1,R,R,PS2_C_01_1_R
C142L,C,14,2,L,PS2,C,14,01,2,R,L,PS2_C_01_2_L
C142R,C,14,2,R,PS2,C,14,01,2,R,R,PS2_C_01_2_R
C143L,C,14,3,L,PS2,C,14,01,3,R,L,PS2_C_01_3_L
C143R,C,14,3,R,PS2,C,14,01,3,R,R,PS2_C_01_3_R
C144L,C,14,4,L,PS2,C,14,01,4,R,L,PS2_C_01_4_L
C144R,C,14,4,R,PS2,C,14,01,4,R,R,PS2_C_01_4_R
C145L,C,14,5,L,PS2,C,14,01,5,R,L,PS2_C_01_5_L
C145R,C,14,5,R,PS2,C,14,01,5,R,R,PS2_C_01_5_R
C146L,C,14,6,L,PS2,C,14,01,6,R,L,PS2_C_01_6_L
C146R,C,14,6,R,PS2,C,14,01,6,R,R,PS2_C_01_6_R
D011L,D,01,1,L,PS2,D,14,14,1,L,L,PS2_D_14_1_L
D011R,D,01,1,R,PS2,D,14,14,1,L,R,PS2_D_14_1_R
D012L,D,01,2,L,PS2,D,14,14,2,L,L,PS2_D_14_2_L
D012R,D,01,2,R,PS2,D,14,14,2,L,R,PS2_D_14_2_R
D013L,D,01,3,L,PS2,D,14,14,3,L,L,PS2_D_14_3_L
D013R,D,01,3,R,PS2,D,14,14,3,L,R,PS2_D_14_3_R
D014L,D,01,4,L,PS2,D,14,14,4,L,L,PS2_D_14_4_L
D014R,D,01,4,R,PS2,D,14,14,4,L,R,PS2_D_14_4_R
D015L,D,01,5,L,PS2,D,14,14,5,L,L,PS2_D_14_5_L
D015R,D,01,5,R,PS2,D,14,14,5,L,R,PS2_D_14_5_R
D016L,D,01,6,L,PS2,D,14,14,6,L,L,PS2_D_14_6_L
D016R,D,01,6,R,PS2,D,14,14,6,L,R,PS2_D_14_6_R
D021L,D,02,1,L,PS2,D,14,13,1,L,L,PS2_D_13_1_L
D021R,D,02,1,R,PS2,D,14,13,1,L,R,PS2_D_13_1_R
D022L,D,02,2,L,PS2,D,14,13,2,L,L,PS2_D_13_2_L
D022R,D,02,2,R,PS2,D,14,13,2,L,R,PS2_D_13_2_R
D023L,D,02,3,L,PS2,D,14,13,3,L,L,PS2_D_13_3_L
D023R,D,02,3,R,PS2,D,14,13,3,L,R,PS2_D_13_3_R
D024L,D,02,4,L,PS2,D,14,13,4,L,L,PS2_D_13_4_L
D024R,D,02,4,R,PS2,D,14,13,4,L,R,PS2_D_13_4_R
D025L,D,02,5,L,PS2,D,14,13,5,L,L,PS2_D_13_5_L
D025R,D,02,5,R,PS2,D,14,13,5,L,R,PS2_D_13_5_R
D026L,D,02,6,L,PS2,D,14,13,6,L,L,PS2_D_13_6_L
D026R,D,02,6,R,PS2,D,14,13,6,L,R,PS2_D_13_6_R
D031L,D,03,1,L,PS2,D,14,12,1,L,L,PS2_D_12_1_L
D031R,D,03,1,R,PS2,D,14,12,1,L,R,PS2_D_12_1_R
D032L,D,03,2,L,PS2,D,14,12,2,L,L,PS2_D_12_2_L
D032R,D,03,2,R,PS2,D,14,12,2,L,R,PS2_D_12_2_R
D033L,D,03,3,L,PS2,D,14,12,3,L,L,PS2_D_12_3_L
D033R,D,03,3,R,PS2,D,14,12,3,L,R,PS2_D_12_3_R
D034L,D,03,4,L,PS2,D,14,12,4,L,L,PS2_D_12_4_L
D034R,D,03,4,R,PS2,D,14,12,4,L,R,PS2_D_12_4_R
D035L,D,03,5,L,PS2,D,14,12,5,L,L,PS2_D_12_5_L
D035R,D,03,5,R,PS2,D,14,12,5,L,R,PS2_D_12_5_R
D036L,D,03,6,L,PS2,D,14,12,6,L,L,PS2_D_12_6_L
D036R,D,03,6,R,PS2,D,14,12,6,L,R,PS2_D_12_6_R
D041L,D,04,1,L,PS2,D,14,11,1,L,L,PS2_D_11_1_L
D041R,D,04,1,R,PS2,D,14,11,1,L,R,PS2_D_11_1_R
D042L,D,04,2,L,PS2,D,14,11,2,L,L,PS2_D_11_2_L
D042R,D,04,2,R,PS2,D,14,11,2,L,R,PS2_D_11_2_R
D043L,D,04,3,L,PS2,D,14,11,3,L,L,PS2_D_11_3_L
D043R,D,04,3,R,PS2,D,14,11,3,L,R,PS2_D_11_3_R
D044L,D,04,4,L,PS2,D,14,11,4,L,L,PS2_D_11_4_L
D044R,D,04,4,R,PS2,D,14,11,4,L,R,PS2_D_11_4_R
D045L,D,04,5,L,PS2,D,14,11,5,L,L,PS2_D_11_5_L
D045R,D,04,5,R,PS2,D,14,11,5,L,R,PS2_D_11_5_R
D046L,D,04,6,L,PS2,D,14,11,6,L,L,PS2_D_11_6_L
D046R,D,04,6,R,PS2,D,14,11,6,L,R,PS2_D_11_6_R
D051L,D,05,1,L,PS2,D,14,10,1,L,L,PS2_D_10_1_L
D051R,D,05,1,R,PS2,D,14,10,1,L,R,PS2_D_10_1_R
D052L,D,05,2,L,PS2,D,14,10,2,L,L,PS2_D_10_2_L
D052R,D,05,2,R,PS2,D,14,10,2,L,R,PS2_D_10_2_R
D053L,D,05,3,L,PS2,D,14,10,3,L,L,PS2_D_10_3_L
D053R,D,05,3,R,PS2,D,14,10,3,L,R,PS2_D_10_3_R
D054L,D,05,4,L,PS2,D,14,10,4,L,L,PS2_D_10_4_L
D054R,D,05,4,R,PS2,D,14,10,4,L,R,PS2_D_10_4_R
D055L,D,05,5,L,PS2,D,14,10,5,L,L,PS2_D_10_5_L
D055R,D,05,5,R,PS2,D,14,10,5,L,R,PS2_D_10_5_R
D056L,D,05,6,L,PS2,D,14,10,6,L,L,PS2_D_10_6_L
D056R,D,05,6,R,PS2,D,14,10,6,L,R,PS2_D_10_6_R
D061L,D,06,1,L,PS2,D,14,09,1,L,L,PS2_D_09_1_L
D061R,D,06,1,R,PS2,D,14,09,1,L,R,PS2_D_09_1_R
D062L,D,06,2,L,PS2,D,14,09,2,L,L,PS2_D_09_2_L
D062R,D,06,2,R,PS2,D,14,09,2,L,R,PS2_D_09_2_R
D063L,D,06,3,L,PS2,D,14,09,3,L,L,PS2_D_09_3_L
D063R,D,06,3,R,PS2,D,14,09,3,L,R,PS2_D_09_3_R
D064L,D,06,4,L,PS2,D,14,09,4,L,L,PS2_D_09_4_L
D064R,D,06,4,R,PS2,D,14,09,4,L,R,PS2_D_09_4_R
D065L,D,06,5,L,PS2,D,14,09,5,L,L,PS2_D_09_5_L
D065R,D,06,5,R,PS2,D,14,09,5,L,R,PS2_D_09_5_R
D066L,D,06,6,L,PS2,D,14,09,6,L,L,PS2_D_09_6_L
D066R,D,06,6,R,PS2,D,14,09,6,L,R,PS2_D_09_6_R
D071L,D,07,1,L,PS2,D,14,08,1,L,L,PS2_D_08_1_L
D071R,D,07,1,R,PS2,D,14,08,1,L,R,PS2_D_08_1_R
D072L,D,07,2,L,PS2,D,14,08,2,L,L,PS2_D_08_2_L
D072R,D,07,2,R,PS2,D,14,08,2,L,R,PS2_D_08_2_R
D073L,D,07,3,L,PS2,D,14,08,3,L,L,PS2_D_08_3_L
D073R,D,07,3,R,PS2,D,14,08,3,L,R,PS2_D_08_3_R
D074L,D,07,4,L,PS2,D,14,08,4,L,L,PS2_D_08_4_L
D074R,D,07,4,R,PS2,D,14,08,4,L,R,PS2_D_08_4_R
D075L,D,07,5,L,PS2,D,14,08,5,L,L,PS2_D_08_5_L
D075R,D,07,5,R,PS2,D,14,08,5,L,R,PS2_D_08_5_R
D076L,D,07,6,L,PS2,D,14,08,6,L,L,PS2_D_08_6_L
D076R,D,07,6,R,PS2,D,14,08,6,L,R,PS2_D_08_6_R
D081L,D,08,1,L,PS2,D,14,07,1,L,L,PS2_D_07_1_L
D081R,D,08,1,R,PS2,D,14,07,1,L,R,PS2_D_07_1_R
D082L,D,08,2,L,PS2,D,14,07,2,L,L,PS2_D_07_2_L
D082R,D,08,2,R,PS2,D,14,07,2,L,R,PS2_D_07_2_R
D083L,D,08,3,L,PS2,D,14,07,3,L,L,PS2_D_07_3_L
D083R,D,08,3,R,PS2,D,14,07,3,L,R,PS2_D_07_3_R
D084L,D,08,4,L,PS2,D,14,07,4,L,L,PS2_D_07_4_L
D084R,D,08,4,R,PS2,D,14,07,4,L,R,PS2_D_07_4_R
D085L,D,08,5,L,PS2,D,14,07,5,L,L,PS2_D_07_5_L
D085R,D,08,5,R,PS2,D,14,07,5,L,R,PS2_D_07_5_R
D086L,D,08,6,L,PS2,D,14,07,6,L,L,PS2_D_07_6_L
D086R,D,08,6,R,PS2,D,14,07,6,L,R,PS2_D_07_6_R
D091L,D,09,1,L,PS2,D,14,06,1,L,L,PS2_D_06_1_L
D091R,D,09,1,R,PS2,D,14,06,1,L,R,PS2_D_06_1_R
D092L,D,09,2,L,PS2,D,14,06,2,L,L,PS2_D_06_2_L
D092R,D,09,2,R,PS2,D,14,06,2,L,R,PS2_D_06_2_R
D093L,D,09,3,L,PS2,D,14,06,3,L,L,PS2_D_06_3_L
D093R,D,09,3,R,PS2,D,14,06,3,L,R,PS2_D_06_3_R
D094L,D,09,4,L,PS2,D,14,06,4,L,L,PS2_D_06_4_L
D094R,D,09,4,R,PS2,D,14,06,4,L,R,PS2_D_06_4_R
D095L,D,09,5,L,PS2,D,14,06,5,L,L,PS2_D_06_5_L
D095R,D,09,5,R,PS2,D,14,06,5,L,R,PS2_D_06_5_R
D096L,D,09,6,L,PS2,D,14,06,6,L,L,PS2_D_06_6_L
D096R,D,09,6,R,PS2,D,14,06,6,L,R,PS2_D_06_6_R
D101L,D,10,1,L,PS2,D,14,05,1,L,L,PS2_D_05_1_L
D101R,D,10,1,R,PS2,D,14,05,1,L,R,PS2_D_05_1_R
D102L,D,10,2,L,PS2,D,14,05,2,L,L,PS2_D_05_2_L
D102R,D,10,2,R,PS2,D,14,05,2,L,R,PS2_D_05_2_R
D103L,D,10,3,L,PS2,D,14,05,3,L,L,PS2_D_05_3_L
D103R,D,10,3,R,PS2,D,14,05,3,L,R,PS2_D_05_3_R
D104L,D,10,4,L,PS2,D,14,05,4,L,L,PS2_D_05_4_L
D104R,D,10,4,R,PS2,D,14,05,4,L,R,PS2_D_05_4_R
D105L,D,10,5,L,PS2,D,14,05,5,L,L,PS2_D_05_5_L
D105R,D,10,5,R,PS2,D,14,05,5,L,R,PS2_D_05_5_R
D106L,D,10,6,L,PS2,D,14,05,6,L,L,PS2_D_05_6_L
D106R,D,10,6,R,PS2,D,14,05,6,L,R,PS2_D_05_6_R
D111L,D,11,1,L,PS2,D,14,04,1,L,L,PS2_D_04_1_L
D111R,D,11,1,R,PS2,D,14,04,1,L,R,PS2_D_04_1_R
D112L,D,11,2,L,PS2,D,14,04,2,L,L,PS2_D_04_2_L
D112R,D,11,2,R,PS2,D,14,04,2,L,R,PS2_D_04_2_R
D113L,D,11,3,L,PS2,D,14,04,3,L,L,PS2_D_04_3_L
D113R,D,11,3,R,PS2,D,14,04,3,L,R,PS2_D_04_3_R
D114L,D,11,4,L,PS2,D,14,04,4,L,L,PS2_D_04_4_L
D114R,D,11,4,R,PS2,D,14,04,4,L,R,PS2_D_04_4_R
D115L,D,11,5,L,PS2,D,14,04,5,L,L,PS2_D_04_5_L
D115R,D,11,5,R,PS2,D,14,04,5,L,R,PS2_D_04_5_R
D116L,D,11,6,L,PS2,D,14,04,6,L,L,PS2_D_04_6_L
D116R,D,11,6,R,PS2,D,14,04,6,L,R,PS2_D_04_6_R
D121L,D,12,1,L,PS2,D,14,03,1,L,L,PS2_D_03_1_L
D121R,D,12,1,R,PS2,D,14,03,1,L,R,PS2_D_03_1_R
D122L,D,12,2,L,PS2,D,14,03,2,L,L,PS2_D_03_2_L
D122R,D,12,2,R,PS2,D,14,03,2,L,R,PS2_D_03_2_R
D123L,D,12,3,L,PS2,D,14,03,3,L,L,PS2_D_03_3_L
D123R,D,12,3,R,PS2,D,14,03,3,L,R,PS2_D_03_3_R
D124L,D,12,4,L,PS2,D,14,03,4,L,L,PS2_D_03_4_L
D124R,D,12,4,R,PS2,D,14,03,4,L,R,PS2_D_03_4_R
D125L,D,12,5,L,PS2,D,14,03,5,L,L,PS2_D_03_5_L
D125R,D,12,5,R,PS2,D,14,03,5,L,R,PS2_D_03_5_R
D126L,D,12,6,L,PS2,D,14,03,6,L,L,PS2_D_03_6_L
D126R,D,12,6,R,PS2,D,14,03,6,L,R,PS2_D_03_6_R
D131L,D,13,1,L,PS2,D,14,02,1,L,L,PS2_D_02_1_L
D131R,D,13,1,R,PS2,D,14,02,1,L,R,PS2_D_02_1_R
D132L,D,13,2,L,PS2,D,14,02,2,L,L,PS2_D_02_2_L
D132R,D,13,2,R,PS2,D,14,02,2,L,R,PS2_D_02_2_R
D133L,D,13,3,L,PS2,D,14,02,3,L,L,PS2_D_02_3_L
D133R,D,13,3,R,PS2,D,14,02,3,L,R,PS2_D_02_3_R
D134L,D,13,4,L,PS2,D,14,02,4,L,L,PS2_D_02_4_L
D134R,D,13,4,R,PS2,D,14,02,4,L,R,PS2_D_02_4_R
D135L,D,13,5,L,PS2,D,14,02,5,L,L,PS2_D_02_5_L
D135R,D,13,5,R,PS2,D,14,02,5,L,R,PS2_D_02_5_R
D136L,D,13,6,L,PS2,D,14,02,6,L,L,PS2_D_02_6_L
D136R,D,13,6,R,PS2,D,14,02,6,L,R,PS2_D_02_6_R
D141L,D,14,1,L,PS2,D,14,01,1,L,L,PS2_D_01_1_L
D141R,D,14,1,R,PS2,D,14,01,1,L,R,PS2_D_01_1_R
D142L,D,14,2,L,PS2,D,14,01,2,L,L,PS2_D_01_2_L
D142R,D,14,2,R,PS2,D,14,01,2,L,R,PS2_D_01_2_R
D143L,D,14,3,L,PS2,D,14,01,3,L,L,PS2_D_01_3_L
D143R,D,14,3,R,PS2,D,14,01,3,L,R,PS2_D_01_3_R
D144L,D,14,4,L,PS2,D,14,01,4,L,L,PS2_D_01_4_L
D144R,D,14,4,R,PS2,D,14,01,4,L,R,PS2_D_01_4_R
D145L,D,14,5,L,PS2,D,14,01,5,L,L,PS2_D_01_5_L
D145R,D,14,5,R,PS2,D,14,01,5,L,R,PS2_D_01_5_R
D146L,D,14,6,L,PS2,D,14,01,6,L,L,PS2_D_01_6_L
D146R,D,14,6,R,PS2,D,14,01,6,L,R,PS2_D_01_6_R
E011L,E,01,1,L,PS2,E,14,14,1,R,L,PS2_E_14_1_L
E011R,E,01,1,R,PS2,E,14,14,1,R,R,PS2_E_14_1_R
E012L,E,01,2,L,PS2,E,14,14,2,R,L,PS2_E_14_2_L
E012R,E,01,2,R,PS2,E,14,14,2,R,R,PS2_E_14_2_R
E013L,E,01,3,L,PS2,E,14,14,3,R,L,PS2_E_14_3_L
E013R,E,01,3,R,PS2,E,14,14,3,R,R,PS2_E_14_3_R
E014L,E,01,4,L,PS2,E,14,14,4,R,L,PS2_E_14_4_L
E014R,E,01,4,R,PS2,E,14,14,4,R,R,PS2_E_14_4_R
E015L,E,01,5,L,PS2,E,14,14,5,R,L,PS2_E_14_5_L
E015R,E,01,5,R,PS2,E,14,14,5,R,R,PS2_E_14_5_R
E016L,E,01,6,L,PS2,E,14,14,6,R,L,PS2_E_14_6_L
E016R,E,01,6,R,PS2,E,14,14,6,R,R,PS2_E_14_6_R
E021L,E,02,1,L,PS2,E,14,13,1,R,L,PS2_E_13_1_L
E021R,E,02,1,R,PS2,E,14,13,1,R,R,PS2_E_13_1_R
E022L,E,02,2,L,PS2,E,14,13,2,R,L,PS2_E_13_2_L
E022R,E,02,2,R,PS2,E,14,13,2,R,R,PS2_E_13_2_R
E023L,E,02,3,L,PS2,E,14,13,3,R,L,PS2_E_13_3_L
E023R,E,02,3,R,PS2,E,14,13,3,R,R,PS2_E_13_3_R
E024L,E,02,4,L,PS2,E,14,13,4,R,L,PS2_E_13_4_L
E024R,E,02,4,R,PS2,E,14,13,4,R,R,PS2_E_13_4_R
E025L,E,02,5,L,PS2,E,14,13,5,R,L,PS2_E_13_5_L
E025R,E,02,5,R,PS2,E,14,13,5,R,R,PS2_E_13_5_R
E026L,E,02,6,L,PS2,E,14,13,6,R,L,PS2_E_13_6_L
E026R,E,02,6,R,PS2,E,14,13,6,R,R,PS2_E_13_6_R
E031L,E,03,1,L,PS2,E,14,12,1,R,L,PS2_E_12_1_L
E031R,E,03,1,R,PS2,E,14,12,1,R,R,PS2_E_12_1_R
E032L,E,03,2,L,PS2,E,14,12,2,R,L,PS2_E_12_2_L
E032R,E,03,2,R,PS2,E,14,12,2,R,R,PS2_E_12_2_R
E033L,E,03,3,L,PS2,E,14,12,3,R,L,PS2_E_12_3_L
E033R,E,03,3,R,PS2,E,14,12,3,R,R,PS2_E_12_3_R
E034L,E,03,4,L,PS2,E,14,12,4,R,L,PS2_E_12_4_L
E034R,E,03,4,R,PS2,E,14,12,4,R,R,PS2_E_12_4_R
E035L,E,03,5,L,PS2,E,14,12,5,R,L,PS2_E_12_5_L
E035R,E,03,5,R,PS2,E,14,12,5,R,R,PS2_E_12_5_R
E036L,E,03,6,L,PS2,E,14,12,6,R,L,PS2_E_12_6_L
E036R,E,03,6,R,PS2,E,14,12,6,R,R,PS2_E_12_6_R
E041L,E,04,1,L,PS2,E,14,11,1,R,L,PS2_E_11_1_L
E041R,E,04,1,R,PS2,E,14,11,1,R,R,PS2_E_11_1_R
E042L,E,04,2,L,PS2,E,14,11,2,R,L,PS2_E_11_2_L
E042R,E,04,2,R,PS2,E,14,11,2,R,R,PS2_E_11_2_R
E043L,E,04,3,L,PS2,E,14,11,3,R,L,PS2_E_11_3_L
E043R,E,04,3,R,PS2,E,14,11,3,R,R,PS2_E_11_3_R
E044L,E,04,4,L,PS2,E,14,11,4,R,L,PS2_E_11_4_L
E044R,E,04,4,R,PS2,E,14,11,4,R,R,PS2_E_11_4_R
E045L,E,04,5,L,PS2,E,14,11,5,R,L,PS2_E_11_5_L
E045R,E,04,5,R,PS2,E,14,11,5,R,R,PS2_E_11_5_R
E046L,E,04,6,L,PS2,E,14,11,6,R,L,PS2_E_11_6_L
E046R,E,04,6,R,PS2,E,14,11,6,R,R,PS2_E_11_6_R
E051L,E,05,1,L,PS2,E,14,10,1,R,L,PS2_E_10_1_L
E051R,E,05,1,R,PS2,E,14,10,1,R,R,PS2_E_10_1_R
E052L,E,05,2,L,PS2,E,14,10,2,R,L,PS2_E_10_2_L
E052R,E,05,2,R,PS2,E,14,10,2,R,R,PS2_E_10_2_R
E053L,E,05,3,L,PS2,E,14,10,3,R,L,PS2_E_10_3_L
E053R,E,05,3,R,PS2,E,14,10,3,R,R,PS2_E_10_3_R
E054L,E,05,4,L,PS2,E,14,10,4,R,L,PS2_E_10_4_L
E054R,E,05,4,R,PS2,E,14,10,4,R,R,PS2_E_10_4_R
E055L,E,05,5,L,PS2,E,14,10,5,R,L,PS2_E_10_5_L
E055R,E,05,5,R,PS2,E,14,10,5,R,R,PS2_E_10_5_R
E056L,E,05,6,L,PS2,E,14,10,6,R,L,PS2_E_10_6_L
E056R,E,05,6,R,PS2,E,14,10,6,R,R,PS2_E_10_6_R
E061L,E,06,1,L,PS2,E,14,09,1,R,L,PS2_E_09_1_L
E061R,E,06,1,R,PS2,E,14,09,1,R,R,PS2_E_09_1_R
E062L,E,06,2,L,PS2,E,14,09,2,R,L,PS2_E_09_2_L
E062R,E,06,2,R,PS2,E,14,09,2,R,R,PS2_E_09_2_R
E063L,E,06,3,L,PS2,E,14,09,3,R,L,PS2_E_09_3_L
E063R,E,06,3,R,PS2,E,14,09,3,R,R,PS2_E_09_3_R
E064L,E,06,4,L,PS2,E,14,09,4,R,L,PS2_E_09_4_L
E064R,E,06,4,R,PS2,E,14,09,4,R,R,PS2_E_09_4_R
E065L,E,06,5,L,PS2,E,14,09,5,R,L,PS2_E_09_5_L
E065R,E,06,5,R,PS2,E,14,09,5,R,R,PS2_E_09_5_R
E066L,E,06,6,L,PS2,E,14,09,6,R,L,PS2_E_09_6_L
E066R,E,06,6,R,PS2,E,14,09,6,R,R,PS2_E_09_6_R
E071L,E,07,1,L,PS2,E,14,08,1,R,L,PS2_E_08_1_L
E071R,E,07,1,R,PS2,E,14,08,1,R,R,PS2_E_08_1_R
E072L,E,07,2,L,PS2,E,14,08,2,R,L,PS2_E_08_2_L
E072R,E,07,2,R,PS2,E,14,08,2,R,R,PS2_E_08_2_R
E073L,E,07,3,L,PS2,E,14,08,3,R,L,PS2_E_08_3_L
E073R,E,07,3,R,PS2,E,14,08,3,R,R,PS2_E_08_3_R
E074L,E,07,4,L,PS2,E,14,08,4,R,L,PS2_E_08_4_L
E074R,E,07,4,R,PS2,E,14,08,4,R,R,PS2_E_08_4_R
E075L,E,07,5,L,PS2,E,14,08,5,R,L,PS2_E_08_5_L
E075R,E,07,5,R,PS2,E,14,08,5,R,R,PS2_E_08_5_R
E076L,E,07,6,L,PS2,E,14,08,6,R,L,PS2_E_08_6_L
E076R,E,07,6,R,PS2,E,14,08,6,R,R,PS2_E_08_6_R
E081L,E,08,1,L,PS2,E,14,07,1,R,L,PS2_E_07_1_L
E081R,E,08,1,R,PS2,E,14,07,1,R,R,PS2_E_07_1_R
E082L,E,08,2,L,PS2,E,14,07,2,R,L,PS2_E_07_2_L
E082R,E,08,2,R,PS2,E,14,07,2,R,R,PS2_E_07_2_R
E083L,E,08,3,L,PS2,E,14,07,3,R,L,PS2_E_07_3_L
E083R,E,08,3,R,PS2,E,14,07,3,R,R,PS2_E_07_3_R
E084L,E,08,4,L,PS2,E,14,07,4,R,L,PS2_E_07_4_L
E084R,E,08,4,R,PS2,E,14,07,4,R,R,PS2_E_07_4_R
E085L,E,08,5,L,PS2,E,14,07,5,R,L,PS2_E_07_5_L
E085R,E,08,5,R,PS2,E,14,07,5,R,R,PS2_E_07_5_R
E086L,E,08,6,L,PS2,E,14,07,6,R,L,PS2_E_07_6_L
E086R,E,08,6,R,PS2,E,14,07,6,R,R,PS2_E_07_6_R
E091L,E,09,1,L,PS2,E,14,06,1,R,L,PS2_E_06_1_L
E091R,E,09,1,R,PS2,E,14,06,1,R,R,PS2_E_06_1_R
E092L,E,09,2,L,PS2,E,14,06,2,R,L,PS2_E_06_2_L
E092R,E,09,2,R,PS2,E,14,06,2,R,R,PS2_E_06_2_R
E093L,E,09,3,L,PS2,E,14,06,3,R,L,PS2_E_06_3_L
E093R,E,09,3,R,PS2,E,14,06,3,R,R,PS2_E_06_3_R
E094L,E,09,4,L,PS2,E,14,06,4,R,L,PS2_E_06_4_L
E094R,E,09,4,R,PS2,E,14,06,4,R,R,PS2_E_06_4_R
E095L,E,09,5,L,PS2,E,14,06,5,R,L,PS2_E_06_5_L
E095R,E,09,5,R,PS2,E,14,06,5,R,R,PS2_E_06_5_R
E096L,E,09,6,L,PS2,E,14,06,6,R,L,PS2_E_06_6_L
E096R,E,09,6,R,PS2,E,14,06,6,R,R,PS2_E_06_6_R
E101L,E,10,1,L,PS2,E,14,05,1,R,L,PS2_E_05_1_L
E101R,E,10,1,R,PS2,E,14,05,1,R,R,PS2_E_05_1_R
E102L,E,10,2,L,PS2,E,14,05,2,R,L,PS2_E_05_2_L
E102R,E,10,2,R,PS2,E,14,05,2,R,R,PS2_E_05_2_R
E103L,E,10,3,L,PS2,E,14,05,3,R,L,PS2_E_05_3_L
E103R,E,10,3,R,PS2,E,14,05,3,R,R,PS2_E_05_3_R
E104L,E,10,4,L,PS2,E,14,05,4,R,L,PS2_E_05_4_L
E104R,E,10,4,R,PS2,E,14,05,4,R,R,PS2_E_05_4_R
E105L,E,10,5,L,PS2,E,14,05,5,R,L,PS2_E_05_5_L
E105R,E,10,5,R,PS2,E,14,05,5,R,R,PS2_E_05_5_R
E106L,E,10,6,L,PS2,E,14,05,6,R,L,PS2_E_05_6_L
E106R,E,10,6,R,PS2,E,14,05,6,R,R,PS2_E_05_6_R
E111L,E,11,1,L,PS2,E,14,04,1,R,L,PS2_E_04_1_L
E111R,E,11,1,R,PS2,E,14,04,1,R,R,PS2_E_04_1_R
E112L,E,11,2,L,PS2,E,14,04,2,R,L,PS2_E_04_2_L
E112R,E,11,2,R,PS2,E,14,04,2,R,R,PS2_E_04_2_R
E113L,E,11,3,L,PS2,E,14,04,3,R,L,PS2_E_04_3_L
E113R,E,11,3,R,PS2,E,14,04,3,R,R,PS2_E_04_3_R
E114L,E,11,4,L,PS2,E,14,04,4,R,L,PS2_E_04_4_L
E114R,E,11,4,R,PS2,E,14,04,4,R,R,PS2_E_04_4_R
E115L,E,11,5,L,PS2,E,14,04,5,R,L,PS2_E_04_5_L
E115R,E,11,5,R,PS2,E,14,04,5,R,R,PS2_E_04_5_R
E116L,E,11,6,L,PS2,E,14,04,6,R,L,PS2_E_04_6_L
E116R,E,11,6,R,PS2,E,14,04,6,R,R,PS2_E_04_6_R
E121L,E,12,1,L,PS2,E,14,03,1,R,L,PS2_E_03_1_L
E121R,E,12,1,R,PS2,E,14,03,1,R,R,PS2_E_03_1_R
E122L,E,12,2,L,PS2,E,14,03,2,R,L,PS2_E_03_2_L
E122R,E,12,2,R,PS2,E,14,03,2,R,R,PS2_E_03_2_R
E123L,E,12,3,L,PS2,E,14,03,3,R,L,PS2_E_03_3_L
E123R,E,12,3,R,PS2,E,14,03,3,R,R,PS2_E_03_3_R
E124L,E,12,4,L,PS2,E,14,03,4,R,L,PS2_E_03_4_L
E124R,E,12,4,R,PS2,E,14,03,4,R,R,PS2_E_03_4_R
E125L,E,12,5,L,PS2,E,14,03,5,R,L,PS2_E_03_5_L
E125R,E,12,5,R,PS2,E,14,03,5,R,R,PS2_E_03_5_R
E126L,E,12,6,L,PS2,E,14,03,6,R,L,PS2_E_03_6_L
E126R,E,12,6,R,PS2,E,14,03,6,R,R,PS2_E_03_6_R
E131L,E,13,1,L,PS2,E,14,02,1,R,L,PS2_E_02_1_L
E131R,E,13,1,R,PS2,E,14,02,1,R,R,PS2_E_02_1_R
E132L,E,13,2,L,PS2,E,14,02,2,R,L,PS2_E_02_2_L
E132R,E,13,2,R,PS2,E,14,02,2,R,R,PS2_E_02_2_R
E133L,E,13,3,L,PS2,E,14,02,3,R,L,PS2_E_02_3_L
E133R,E,13,3,R,PS2,E,14,02,3,R,R,PS2_E_02_3_R
E134L,E,13,4,L,PS2,E,14,02,4,R,L,PS2_E_02_4_L
E134R,E,13,4,R,PS2,E,14,02,4,R,R,PS2_E_02_4_R
E135L,E,13,5,L,PS2,E,14,02,5,R,L,PS2_E_02_5_L
E135R,E,13,5,R,PS2,E,14,02,5,R,R,PS2_E_02_5_R
E136L,E,13,6,L,PS2,E,14,02,6,R,L,PS2_E_02_6_L
E136R,E,13,6,R,PS2,E,14,02,6,R,R,PS2_E_02_6_R
E141L,E,14,1,L,PS2,E,14,01,1,R,L,PS2_E_01_1_L
E141R,E,14,1,R,PS2,E,14,01,1,R,R,PS2_E_01_1_R
E142L,E,14,2,L,PS2,E,14,01,2,R,L,PS2_E_01_2_L
E142R,E,14,2,R,PS2,E,14,01,2,R,R,PS2_E_01_2_R
E143L,E,14,3,L,PS2,E,14,01,3,R,L,PS2_E_01_3_L
E143R,E,14,3,R,PS2,E,14,01,3,R,R,PS2_E_01_3_R
E144L,E,14,4,L,PS2,E,14,01,4,R,L,PS2_E_01_4_L
E144R,E,14,4,R,PS2,E,14,01,4,R,R,PS2_E_01_4_R
E145L,E,14,5,L,PS2,E,14,01,5,R,L,PS2_E_01_5_L
E145R,E,14,5,R,PS2,E,14,01,5,R,R,PS2_E_01_5_R
E146L,E,14,6,L,PS2,E,14,01,6,R,L,PS2_E_01_6_L
E146R,E,14,6,R,PS2,E,14,01,6,R,R,PS2_E_01_6_R
F011L,F,01,1,L,PS2,F,5,05,1,R,L,PS2_F_05_1_L
F011R,F,01,1,R,PS2,F,5,05,1,R,R,PS2_F_05_1_R
F012L,F,01,2,L,PS2,F,5,05,2,R,L,PS2_F_05_2_L
F012R,F,01,2,R,PS2,F,5,05,2,R,R,PS2_F_05_2_R
F013L,F,01,3,L,PS2,F,5,05,3,R,L,PS2_F_05_3_L
F013R,F,01,3,R,PS2,F,5,05,3,R,R,PS2_F_05_3_R
F014L,F,01,4,L,PS2,F,5,05,4,R,L,PS2_F_05_4_L
F014R,F,01,4,R,PS2,F,5,05,4,R,R,PS2_F_05_4_R
F015L,F,01,5,L,PS2,F,5,05,5,R,L,PS2_F_05_5_L
F015R,F,01,5,R,PS2,F,5,05,5,R,R,PS2_F_05_5_R
F016L,F,01,6,L,PS2,F,5,05,6,R,L,PS2_F_05_6_L
F016R,F,01,6,R,PS2,F,5,05,6,R,R,PS2_F_05_6_R
F021L,F,02,1,L,PS2,F,5,04,1,R,L,PS2_F_04_1_L
F021R,F,02,1,R,PS2,F,5,04,1,R,R,PS2_F_04_1_R
F022L,F,02,2,L,PS2,F,5,04,2,R,L,PS2_F_04_2_L
F022R,F,02,2,R,PS2,F,5,04,2,R,R,PS2_F_04_2_R
F023L,F,02,3,L,PS2,F,5,04,3,R,L,PS2_F_04_3_L
F023R,F,02,3,R,PS2,F,5,04,3,R,R,PS2_F_04_3_R
F024L,F,02,4,L,PS2,F,5,04,4,R,L,PS2_F_04_4_L
F024R,F,02,4,R,PS2,F,5,04,4,R,R,PS2_F_04_4_R
F025L,F,02,5,L,PS2,F,5,04,5,R,L,PS2_F_04_5_L
F025R,F,02,5,R,PS2,F,5,04,5,R,R,PS2_F_04_5_R
F026L,F,02,6,L,PS2,F,5,04,6,R,L,PS2_F_04_6_L
F026R,F,02,6,R,PS2,F,5,04,6,R,R,PS2_F_04_6_R
F031L,F,03,1,L,PS2,F,5,03,1,R,L,PS2_F_03_1_L
F031R,F,03,1,R,PS2,F,5,03,1,R,R,PS2_F_03_1_R
F032L,F,03,2,L,PS2,F,5,03,2,R,L,PS2_F_03_2_L
F032R,F,03,2,R,PS2,F,5,03,2,R,R,PS2_F_03_2_R
F033L,F,03,3,L,PS2,F,5,03,3,R,L,PS2_F_03_3_L
F033R,F,03,3,R,PS2,F,5,03,3,R,R,PS2_F_03_3_R
F034L,F,03,4,L,PS2,F,5,03,4,R,L,PS2_F_03_4_L
F034R,F,03,4,R,PS2,F,5,03,4,R,R,PS2_F_03_4_R
F035L,F,03,5,L,PS2,F,5,03,5,R,L,PS2_F_03_5_L
F035R,F,03,5,R,PS2,F,5,03,5,R,R,PS2_F_03_5_R
F036L,F,03,6,L,PS2,F,5,03,6,R,L,PS2_F_03_6_L
F036R,F,03,6,R,PS2,F,5,03,6,R,R,PS2_F_03_6_R
F041L,F,04,1,L,PS2,F,5,02,1,R,L,PS2_F_02_1_L
F041R,F,04,1,R,PS2,F,5,02,1,R,R,PS2_F_02_1_R
F042L,F,04,2,L,PS2,F,5,02,2,R,L,PS2_F_02_2_L
F042R,F,04,2,R,PS2,F,5,02,2,R,R,PS2_F_02_2_R
F043L,F,04,3,L,PS2,F,5,02,3,R,L,PS2_F_02_3_L
F043R,F,04,3,R,PS2,F,5,02,3,R,R,PS2_F_02_3_R
F044L,F,04,4,L,PS2,F,5,02,4,R,L,PS2_F_02_4_L
F044R,F,04,4,R,PS2,F,5,02,4,R,R,PS2_F_02_4_R
F045L,F,04,5,L,PS2,F,5,02,5,R,L,PS2_F_02_5_L
F045R,F,04,5,R,PS2,F,5,02,5,R,R,PS2_F_02_5_R
F046L,F,04,6,L,PS2,F,5,02,6,R,L,PS2_F_02_6_L
F046R,F,04,6,R,PS2,F,5,02,6,R,R,PS2_F_02_6_R
F051L,F,05,1,L,PS2,F,5,01,1,R,L,PS2_F_01_1_L
F051R,F,05,1,R,PS2,F,5,01,1,R,R,PS2_F_01_1_R
F052L,F,05,2,L,PS2,F,5,01,2,R,L,PS2_F_01_2_L
F052R,F,05,2,R,PS2,F,5,01,2,R,R,PS2_F_01_2_R
F053L,F,05,3,L,PS2,F,5,01,3,R,L,PS2_F_01_3_L
F053R,F,05,3,R,PS2,F,5,01,3,R,R,PS2_F_01_3_R
F054L,F,05,4,L,PS2,F,5,01,4,R,L,PS2_F_01_4_L
F054R,F,05,4,R,PS2,F,5,01,4,R,R,PS2_F_01_4_R
F055L,F,05,5,L,PS2,F,5,01,5,R,L,PS2_F_01_5_L
F055R,F,05,5,R,PS2,F,5,01,5,R,R,PS2_F_01_5_R
F056L,F,05,6,L,PS2,F,5,01,6,R,L,PS2_F_01_6_L
F056R,F,05,6,R,PS2,F,5,01,6,R,R,PS2_F_01_6_R
G011L,G,01,1,L,PS2,G,5,05,1,L,L,PS2_G_05_1_L
G011R,G,01,1,R,PS2,G,5,05,1,L,R,PS2_G_05_1_R
G012L,G,01,2,L,PS2,G,5,05,2,L,L,PS2_G_05_2_L
G012R,G,01,2,R,PS2,G,5,05,2,L,R,PS2_G_05_2_R
G013L,G,01,3,L,PS2,G,5,05,3,L,L,PS2_G_05_3_L
G013R,G,01,3,R,PS2,G,5,05,3,L,R,PS2_G_05_3_R
G014L,G,01,4,L,PS2,G,5,05,4,L,L,PS2_G_05_4_L
G014R,G,01,4,R,PS2,G,5,05,4,L,R,PS2_G_05_4_R
G015L,G,01,5,L,PS2,G,5,05,5,L,L,PS2_G_05_5_L
G015R,G,01,5,R,PS2,G,5,05,5,L,R,PS2_G_05_5_R
G016L,G,01,6,L,PS2,G,5,05,6,L,L,PS2_G_05_6_L
G016R,G,01,6,R,PS2,G,5,05,6,L,R,PS2_G_05_6_R
G021L,G,02,1,L,PS2,G,5,04,1,L,L,PS2_G_04_1_L
G021R,G,02,1,R,PS2,G,5,04,1,L,R,PS2_G_04_1_R
G022L,G,02,2,L,PS2,G,5,04,2,L,L,PS2_G_04_2_L
G022R,G,02,2,R,PS2,G,5,04,2,L,R,PS2_G_04_2_R
G023L,G,02,3,L,PS2,G,5,04,3,L,L,PS2_G_04_3_L
G023R,G,02,3,R,PS2,G,5,04,3,L,R,PS2_G_04_3_R
G024L,G,02,4,L,PS2,G,5,04,4,L,L,PS2_G_04_4_L
G024R,G,02,4,R,PS2,G,5,04,4,L,R,PS2_G_04_4_R
G025L,G,02,5,L,PS2,G,5,04,5,L,L,PS2_G_04_5_L
G025R,G,02,5,R,PS2,G,5,04,5,L,R,PS2_G_04_5_R
G026L,G,02,6,L,PS2,G,5,04,6,L,L,PS2_G_04_6_L
G026R,G,02,6,R,PS2,G,5,04,6,L,R,PS2_G_04_6_R
G031L,G,03,1,L,PS2,G,5,03,1,L,L,PS2_G_03_1_L
G031R,G,03,1,R,PS2,G,5,03,1,L,R,PS2_G_03_1_R
G032L,G,03,2,L,PS2,G,5,03,2,L,L,PS2_G_03_2_L
G032R,G,03,2,R,PS2,G,5,03,2,L,R,PS2_G_03_2_R
G033L,G,03,3,L,PS2,G,5,03,3,L,L,PS2_G_03_3_L
G033R,G,03,3,R,PS2,G,5,03,3,L,R,PS2_G_03_3_R
G034L,G,03,4,L,PS2,G,5,03,4,L,L,PS2_G_03_4_L
G034R,G,03,4,R,PS2,G,5,03,4,L,R,PS2_G_03_4_R
G035L,G,03,5,L,PS2,G,5,03,5,L,L,PS2_G_03_5_L
G035R,G,03,5,R,PS2,G,5,03,5,L,R,PS2_G_03_5_R
G036L,G,03,6,L,PS2,G,5,03,6,L,L,PS2_G_03_6_L
G036R,G,03,6,R,PS2,G,5,03,6,L,R,PS2_G_03_6_R
G041L,G,04,1,L,PS2,G,5,02,1,L,L,PS2_G_02_1_L
G041R,G,04,1,R,PS2,G,5,02,1,L,R,PS2_G_02_1_R
G042L,G,04,2,L,PS2,G,5,02,2,L,L,PS2_G_02_2_L
G042R,G,04,2,R,PS2,G,5,02,2,L,R,PS2_G_02_2_R
G043L,G,04,3,L,PS2,G,5,02,3,L,L,PS2_G_02_3_L
G043R,G,04,3,R,PS2,G,5,02,3,L,R,PS2_G_02_3_R
G044L,G,04,4,L,PS2,G,5,02,4,L,L,PS2_G_02_4_L
G044R,G,04,4,R,PS2,G,5,02,4,L,R,PS2_G_02_4_R
G045L,G,04,5,L,PS2,G,5,02,5,L,L,PS2_G_02_5_L
G045R,G,04,5,R,PS2,G,5,02,5,L,R,PS2_G_02_5_R
G046L,G,04,6,L,PS2,G,5,02,6,L,L,PS2_G_02_6_L
G046R,G,04,6,R,PS2,G,5,02,6,L,R,PS2_G_02_6_R
G051L,G,05,1,L,PS2,G,5,01,1,L,L,PS2_G_01_1_L
G051R,G,05,1,R,PS2,G,5,01,1,L,R,PS2_G_01_1_R
G052L,G,05,2,L,PS2,G,5,01,2,L,L,PS2_G_01_2_L
G052R,G,05,2,R,PS2,G,5,01,2,L,R,PS2_G_01_2_R
G053L,G,05,3,L,PS2,G,5,01,3,L,L,PS2_G_01_3_L
G053R,G,05,3,R,PS2,G,5,01,3,L,R,PS2_G_01_3_R
G054L,G,05,4,L,PS2,G,5,01,4,L,L,PS2_G_01_4_L
G054R,G,05,4,R,PS2,G,5,01,4,L,R,PS2_G_01_4_R
G055L,G,05,5,L,PS2,G,5,01,5,L,L,PS2_G_01_5_L
G055R,G,05,5,R,PS2,G,5,01,5,L,R,PS2_G_01_5_R
G056L,G,05,6,L,PS2,G,5,01,6,L,L,PS2_G_01_6_L
G056R,G,05,6,R,PS2,G,5,01,6,L,R,PS2_G_01_6_R
H011L,H,01,1,L,PS2,H,5,05,1,R,L,PS2_H_05_1_L
H011R,H,01,1,R,PS2,H,5,05,1,R,R,PS2_H_05_1_R
H012L,H,01,2,L,PS2,H,5,05,2,R,L,PS2_H_05_2_L
H012R,H,01,2,R,PS2,H,5,05,2,R,R,PS2_H_05_2_R
H013L,H,01,3,L,PS2,H,5,05,3,R,L,PS2_H_05_3_L
H013R,H,01,3,R,PS2,H,5,05,3,R,R,PS2_H_05_3_R
H014L,H,01,4,L,PS2,H,5,05,4,R,L,PS2_H_05_4_L
H014R,H,01,4,R,PS2,H,5,05,4,R,R,PS2_H_05_4_R
H015L,H,01,5,L,PS2,H,5,05,5,R,L,PS2_H_05_5_L
H015R,H,01,5,R,PS2,H,5,05,5,R,R,PS2_H_05_5_R
H016L,H,01,6,L,PS2,H,5,05,6,R,L,PS2_H_05_6_L
H016R,H,01,6,R,PS2,H,5,05,6,R,R,PS2_H_05_6_R
H021L,H,02,1,L,PS2,H,5,04,1,R,L,PS2_H_04_1_L
H021R,H,02,1,R,PS2,H,5,04,1,R,R,PS2_H_04_1_R
H022L,H,02,2,L,PS2,H,5,04,2,R,L,PS2_H_04_2_L
H022R,H,02,2,R,PS2,H,5,04,2,R,R,PS2_H_04_2_R
H023L,H,02,3,L,PS2,H,5,04,3,R,L,PS2_H_04_3_L
H023R,H,02,3,R,PS2,H,5,04,3,R,R,PS2_H_04_3_R
H024L,H,02,4,L,PS2,H,5,04,4,R,L,PS2_H_04_4_L
H024R,H,02,4,R,PS2,H,5,04,4,R,R,PS2_H_04_4_R
H025L,H,02,5,L,PS2,H,5,04,5,R,L,PS2_H_04_5_L
H025R,H,02,5,R,PS2,H,5,04,5,R,R,PS2_H_04_5_R
H026L,H,02,6,L,PS2,H,5,04,6,R,L,PS2_H_04_6_L
H026R,H,02,6,R,PS2,H,5,04,6,R,R,PS2_H_04_6_R
H031L,H,03,1,L,PS2,H,5,03,1,R,L,PS2_H_03_1_L
H031R,H,03,1,R,PS2,H,5,03,1,R,R,PS2_H_03_1_R
H032L,H,03,2,L,PS2,H,5,03,2,R,L,PS2_H_03_2_L
H032R,H,03,2,R,PS2,H,5,03,2,R,R,PS2_H_03_2_R
H033L,H,03,3,L,PS2,H,5,03,3,R,L,PS2_H_03_3_L
H033R,H,03,3,R,PS2,H,5,03,3,R,R,PS2_H_03_3_R
H034L,H,03,4,L,PS2,H,5,03,4,R,L,PS2_H_03_4_L
H034R,H,03,4,R,PS2,H,5,03,4,R,R,PS2_H_03_4_R
H035L,H,03,5,L,PS2,H,5,03,5,R,L,PS2_H_03_5_L
H035R,H,03,5,R,PS2,H,5,03,5,R,R,PS2_H_03_5_R
H036L,H,03,6,L,PS2,H,5,03,6,R,L,PS2_H_03_6_L
H036R,H,03,6,R,PS2,H,5,03,6,R,R,PS2_H_03_6_R
H041L,H,04,1,L,PS2,H,5,02,1,R,L,PS2_H_02_1_L
H041R,H,04,1,R,PS2,H,5,02,1,R,R,PS2_H_02_1_R
H042L,H,04,2,L,PS2,H,5,02,2,R,L,PS2_H_02_2_L
H042R,H,04,2,R,PS2,H,5,02,2,R,R,PS2_H_02_2_R
H043L,H,04,3,L,PS2,H,5,02,3,R,L,PS2_H_02_3_L
H043R,H,04,3,R,PS2,H,5,02,3,R,R,PS2_H_02_3_R
H044L,H,04,4,L,PS2,H,5,02,4,R,L,PS2_H_02_4_L
H044R,H,04,4,R,PS2,H,5,02,4,R,R,PS2_H_02_4_R
H045L,H,04,5,L,PS2,H,5,02,5,R,L,PS2_H_02_5_L
H045R,H,04,5,R,PS2,H,5,02,5,R,R,PS2_H_02_5_R
H046L,H,04,6,L,PS2,H,5,02,6,R,L,PS2_H_02_6_L
H046R,H,04,6,R,PS2,H,5,02,6,R,R,PS2_H_02_6_R
H051L,H,05,1,L,PS2,H,5,01,1,R,L,PS2_H_01_1_L
H051R,H,05,1,R,PS2,H,5,01,1,R,R,PS2_H_01_1_R
H052L,H,05,2,L,PS2,H,5,01,2,R,L,PS2_H_01_2_L
H052R,H,05,2,R,PS2,H,5,01,2,R,R,PS2_H_01_2_R
H053L,H,05,3,L,PS2,H,5,01,3,R,L,PS2_H_01_3_L
H053R,H,05,3,R,PS2,H,5,01,3,R,R,PS2_H_01_3_R
H054L,H,05,4,L,PS2,H,5,01,4,R,L,PS2_H_01_4_L
H054R,H,05,4,R,PS2,H,5,01,4,R,R,PS2_H_01_4_R
H055L,H,05,5,L,PS2,H,5,01,5,R,L,PS2_H_01_5_L
H055R,H,05,5,R,PS2,H,5,01,5,R,R,PS2_H_01_5_R
H056L,H,05,6,L,PS2,H,5,01,6,R,L,PS2_H_01_6_L
H056R,H,05,6,R,PS2,H,5,01,6,R,R,PS2_H_01_6_R
I011L,I,01,1,L,PS2,I,5,05,1,L,L,PS2_I_05_1_L
I011R,I,01,1,R,PS2,I,5,05,1,L,R,PS2_I_05_1_R
I012L,I,01,2,L,PS2,I,5,05,2,L,L,PS2_I_05_2_L
I012R,I,01,2,R,PS2,I,5,05,2,L,R,PS2_I_05_2_R
I013L,I,01,3,L,PS2,I,5,05,3,L,L,PS2_I_05_3_L
I013R,I,01,3,R,PS2,I,5,05,3,L,R,PS2_I_05_3_R
I014L,I,01,4,L,PS2,I,5,05,4,L,L,PS2_I_05_4_L
I014R,I,01,4,R,PS2,I,5,05,4,L,R,PS2_I_05_4_R
I015L,I,01,5,L,PS2,I,5,05,5,L,L,PS2_I_05_5_L
I015R,I,01,5,R,PS2,I,5,05,5,L,R,PS2_I_05_5_R
I016L,I,01,6,L,PS2,I,5,05,6,L,L,PS2_I_05_6_L
I016R,I,01,6,R,PS2,I,5,05,6,L,R,PS2_I_05_6_R
I021L,I,02,1,L,PS2,I,5,04,1,L,L,PS2_I_04_1_L
I021R,I,02,1,R,PS2,I,5,04,1,L,R,PS2_I_04_1_R
I022L,I,02,2,L,PS2,I,5,04,2,L,L,PS2_I_04_2_L
I022R,I,02,2,R,PS2,I,5,04,2,L,R,PS2_I_04_2_R
I023L,I,02,3,L,PS2,I,5,04,3,L,L,PS2_I_04_3_L
I023R,I,02,3,R,PS2,I,5,04,3,L,R,PS2_I_04_3_R
I024L,I,02,4,L,PS2,I,5,04,4,L,L,PS2_I_04_4_L
I024R,I,02,4,R,PS2,I,5,04,4,L,R,PS2_I_04_4_R
I025L,I,02,5,L,PS2,I,5,04,5,L,L,PS2_I_04_5_L
I025R,I,02,5,R,PS2,I,5,04,5,L,R,PS2_I_04_5_R
I026L,I,02,6,L,PS2,I,5,04,6,L,L,PS2_I_04_6_L
I026R,I,02,6,R,PS2,I,5,04,6,L,R,PS2_I_04_6_R
I031L,I,03,1,L,PS2,I,5,03,1,L,L,PS2_I_03_1_L
I031R,I,03,1,R,PS2,I,5,03,1,L,R,PS2_I_03_1_R
I032L,I,03,2,L,PS2,I,5,03,2,L,L,PS2_I_03_2_L
I032R,I,03,2,R,PS2,I,5,03,2,L,R,PS2_I_03_2_R
I033L,I,03,3,L,PS2,I,5,03,3,L,L,PS2_I_03_3_L
I033R,I,03,3,R,PS2,I,5,03,3,L,R,PS2_I_03_3_R
I034L,I,03,4,L,PS2,I,5,03,4,L,L,PS2_I_03_4_L
I034R,I,03,4,R,PS2,I,5,03,4,L,R,PS2_I_03_4_R
I035L,I,03,5,L,PS2,I,5,03,5,L,L,PS2_I_03_5_L
I035R,I,03,5,R,PS2,I,5,03,5,L,R,PS2_I_03_5_R
I036L,I,03,6,L,PS2,I,5,03,6,L,L,PS2_I_03_6_L
I036R,I,03,6,R,PS2,I,5,03,6,L,R,PS2_I_03_6_R
I041L,I,04,1,L,PS2,I,5,02,1,L,L,PS2_I_02_1_L
I041R,I,04,1,R,PS2,I,5,02,1,L,R,PS2_I_02_1_R
I042L,I,04,2,L,PS2,I,5,02,2,L,L,PS2_I_02_2_L
I042R,I,04,2,R,PS2,I,5,02,2,L,R,PS2_I_02_2_R
I043L,I,04,3,L,PS2,I,5,02,3,L,L,PS2_I_02_3_L
I043R,I,04,3,R,PS2,I,5,02,3,L,R,PS2_I_02_3_R
I044L,I,04,4,L,PS2,I,5,02,4,L,L,PS2_I_02_4_L
I044R,I,04,4,R,PS2,I,5,02,4,L,R,PS2_I_02_4_R
I045L,I,04,5,L,PS2,I,5,02,5,L,L,PS2_I_02_5_L
I045R,I,04,5,R,PS2,I,5,02,5,L,R,PS2_I_02_5_R
I046L,I,04,6,L,PS2,I,5,02,6,L,L,PS2_I_02_6_L
I046R,I,04,6,R,PS2,I,5,02,6,L,R,PS2_I_02_6_R
I051L,I,05,1,L,PS2,I,5,01,1,L,L,PS2_I_01_1_L
I051R,I,05,1,R,PS2,I,5,01,1,L,R,PS2_I_01_1_R
I052L,I,05,2,L,PS2,I,5,01,2,L,L,PS2_I_01_2_L
I052R,I,05,2,R,PS2,I,5,01,2,L,R,PS2_I_01_2_R
I053L,I,05,3,L,PS2,I,5,01,3,L,L,PS2_I_01_3_L
I053R,I,05,3,R,PS2,I,5,01,3,L,R,PS2_I_01_3_R
I054L,I,05,4,L,PS2,I,5,01,4,L,L,PS2_I_01_4_L
I054R,I,05,4,R,PS2,I,5,01,4,L,R,PS2_I_01_4_R
I055L,I,05,5,L,PS2,I,5,01,5,L,L,PS2_I_01_5_L
I055R,I,05,5,R,PS2,I,5,01,5,L,R,PS2_I_01_5_R
I056L,I,05,6,L,PS2,I,5,01,6,L,L,PS2_I_01_6_L
I056R,I,05,6,R,PS2,I,5,01,6,L,R,PS2_I_01_6_R
J011L,J,01,1,L,PS2,J,5,05,1,R,L,PS2_J_05_1_L
J011R,J,01,1,R,PS2,J,5,05,1,R,R,PS2_J_05_1_R
J012L,J,01,2,L,PS2,J,5,05,2,R,L,PS2_J_05_2_L
J012R,J,01,2,R,PS2,J,5,05,2,R,R,PS2_J_05_2_R
J013L,J,01,3,L,PS2,J,5,05,3,R,L,PS2_J_05_3_L
J013R,J,01,3,R,PS2,J,5,05,3,R,R,PS2_J_05_3_R
J014L,J,01,4,L,PS2,J,5,05,4,R,L,PS2_J_05_4_L
J014R,J,01,4,R,PS2,J,5,05,4,R,R,PS2_J_05_4_R
J015L,J,01,5,L,PS2,J,5,05,5,R,L,PS2_J_05_5_L
J015R,J,01,5,R,PS2,J,5,05,5,R,R,PS2_J_05_5_R
J016L,J,01,6,L,PS2,J,5,05,6,R,L,PS2_J_05_6_L
J016R,J,01,6,R,PS2,J,5,05,6,R,R,PS2_J_05_6_R
J021L,J,02,1,L,PS2,J,5,04,1,R,L,PS2_J_04_1_L
J021R,J,02,1,R,PS2,J,5,04,1,R,R,PS2_J_04_1_R
J022L,J,02,2,L,PS2,J,5,04,2,R,L,PS2_J_04_2_L
J022R,J,02,2,R,PS2,J,5,04,2,R,R,PS2_J_04_2_R
J023L,J,02,3,L,PS2,J,5,04,3,R,L,PS2_J_04_3_L
J023R,J,02,3,R,PS2,J,5,04,3,R,R,PS2_J_04_3_R
J024L,J,02,4,L,PS2,J,5,04,4,R,L,PS2_J_04_4_L
J024R,J,02,4,R,PS2,J,5,04,4,R,R,PS2_J_04_4_R
J025L,J,02,5,L,PS2,J,5,04,5,R,L,PS2_J_04_5_L
J025R,J,02,5,R,PS2,J,5,04,5,R,R,PS2_J_04_5_R
J026L,J,02,6,L,PS2,J,5,04,6,R,L,PS2_J_04_6_L
J026R,J,02,6,R,PS2,J,5,04,6,R,R,PS2_J_04_6_R
J031L,J,03,1,L,PS2,J,5,03,1,R,L,PS2_J_03_1_L
J031R,J,03,1,R,PS2,J,5,03,1,R,R,PS2_J_03_1_R
J032L,J,03,2,L,PS2,J,5,03,2,R,L,PS2_J_03_2_L
J032R,J,03,2,R,PS2,J,5,03,2,R,R,PS2_J_03_2_R
J033L,J,03,3,L,PS2,J,5,03,3,R,L,PS2_J_03_3_L
J033R,J,03,3,R,PS2,J,5,03,3,R,R,PS2_J_03_3_R
J034L,J,03,4,L,PS2,J,5,03,4,R,L,PS2_J_03_4_L
J034R,J,03,4,R,PS2,J,5,03,4,R,R,PS2_J_03_4_R
J035L,J,03,5,L,PS2,J,5,03,5,R,L,PS2_J_03_5_L
J035R,J,03,5,R,PS2,J,5,03,5,R,R,PS2_J_03_5_R
J036L,J,03,6,L,PS2,J,5,03,6,R,L,PS2_J_03_6_L
J036R,J,03,6,R,PS2,J,5,03,6,R,R,PS2_J_03_6_R
J041L,J,04,1,L,PS2,J,5,02,1,R,L,PS2_J_02_1_L
J041R,J,04,1,R,PS2,J,5,02,1,R,R,PS2_J_02_1_R
J042L,J,04,2,L,PS2,J,5,02,2,R,L,PS2_J_02_2_L
J042R,J,04,2,R,PS2,J,5,02,2,R,R,PS2_J_02_2_R
J043L,J,04,3,L,PS2,J,5,02,3,R,L,PS2_J_02_3_L
J043R,J,04,3,R,PS2,J,5,02,3,R,R,PS2_J_02_3_R
J044L,J,04,4,L,PS2,J,5,02,4,R,L,PS2_J_02_4_L
J044R,J,04,4,R,PS2,J,5,02,4,R,R,PS2_J_02_4_R
J045L,J,04,5,L,PS2,J,5,02,5,R,L,PS2_J_02_5_L
J045R,J,04,5,R,PS2,J,5,02,5,R,R,PS2_J_02_5_R
J046L,J,04,6,L,PS2,J,5,02,6,R,L,PS2_J_02_6_L
J046R,J,04,6,R,PS2,J,5,02,6,R,R,PS2_J_02_6_R
J051L,J,05,1,L,PS2,J,5,01,1,R,L,PS2_J_01_1_L
J051R,J,05,1,R,PS2,J,5,01,1,R,R,PS2_J_01_1_R
J052L,J,05,2,L,PS2,J,5,01,2,R,L,PS2_J_01_2_L
J052R,J,05,2,R,PS2,J,5,01,2,R,R,PS2_J_01_2_R
J053L,J,05,3,L,PS2,J,5,01,3,R,L,PS2_J_01_3_L
J053R,J,05,3,R,PS2,J,5,01,3,R,R,PS2_J_01_3_R
J054L,J,05,4,L,PS2,J,5,01,4,R,L,PS2_J_01_4_L
J054R,J,05,4,R,PS2,J,5,01,4,R,R,PS2_J_01_4_R
J055L,J,05,5,L,PS2,J,5,01,5,R,L,PS2_J_01_5_L
J055R,J,05,5,R,PS2,J,5,01,5,R,R,PS2_J_01_5_R
J056L,J,05,6,L,PS2,J,5,01,6,R,L,PS2_J_01_6_L
J056R,J,05,6,R,PS2,J,5,01,6,R,R,PS2_J_01_6_R
K011L,K,01,1,L,PS2,K,5,05,1,L,L,PS2_K_05_1_L
K011R,K,01,1,R,PS2,K,5,05,1,L,R,PS2_K_05_1_R
K012L,K,01,2,L,PS2,K,5,05,2,L,L,PS2_K_05_2_L
K012R,K,01,2,R,PS2,K,5,05,2,L,R,PS2_K_05_2_R
K013L,K,01,3,L,PS2,K,5,05,3,L,L,PS2_K_05_3_L
K013R,K,01,3,R,PS2,K,5,05,3,L,R,PS2_K_05_3_R
K014L,K,01,4,L,PS2,K,5,05,4,L,L,PS2_K_05_4_L
K014R,K,01,4,R,PS2,K,5,05,4,L,R,PS2_K_05_4_R
K015L,K,01,5,L,PS2,K,5,05,5,L,L,PS2_K_05_5_L
K015R,K,01,5,R,PS2,K,5,05,5,L,R,PS2_K_05_5_R
K016L,K,01,6,L,PS2,K,5,05,6,L,L,PS2_K_05_6_L
K016R,K,01,6,R,PS2,K,5,05,6,L,R,PS2_K_05_6_R
K021L,K,02,1,L,PS2,K,5,04,1,L,L,PS2_K_04_1_L
K021R,K,02,1,R,PS2,K,5,04,1,L,R,PS2_K_04_1_R
K022L,K,02,2,L,PS2,K,5,04,2,L,L,PS2_K_04_2_L
K022R,K,02,2,R,PS2,K,5,04,2,L,R,PS2_K_04_2_R
K023L,K,02,3,L,PS2,K,5,04,3,L,L,PS2_K_04_3_L
K023R,K,02,3,R,PS2,K,5,04,3,L,R,PS2_K_04_3_R
K024L,K,02,4,L,PS2,K,5,04,4,L,L,PS2_K_04_4_L
K024R,K,02,4,R,PS2,K,5,04,4,L,R,PS2_K_04_4_R
K025L,K,02,5,L,PS2,K,5,04,5,L,L,PS2_K_04_5_L
K025R,K,02,5,R,PS2,K,5,04,5,L,R,PS2_K_04_5_R
K026L,K,02,6,L,PS2,K,5,04,6,L,L,PS2_K_04_6_L
K026R,K,02,6,R,PS2,K,5,04,6,L,R,PS2_K_04_6_R
K031L,K,03,1,L,PS2,K,5,03,1,L,L,PS2_K_03_1_L
K031R,K,03,1,R,PS2,K,5,03,1,L,R,PS2_K_03_1_R
K032L,K,03,2,L,PS2,K,5,03,2,L,L,PS2_K_03_2_L
K032R,K,03,2,R,PS2,K,5,03,2,L,R,PS2_K_03_2_R
K033L,K,03,3,L,PS2,K,5,03,3,L,L,PS2_K_03_3_L
K033R,K,03,3,R,PS2,K,5,03,3,L,R,PS2_K_03_3_R
K034L,K,03,4,L,PS2,K,5,03,4,L,L,PS2_K_03_4_L
K034R,K,03,4,R,PS2,K,5,03,4,L,R,PS2_K_03_4_R
K035L,K,03,5,L,PS2,K,5,03,5,L,L,PS2_K_03_5_L
K035R,K,03,5,R,PS2,K,5,03,5,L,R,PS2_K_03_5_R
K036L,K,03,6,L,PS2,K,5,03,6,L,L,PS2_K_03_6_L
K036R,K,03,6,R,PS2,K,5,03,6,L,R,PS2_K_03_6_R
K041L,K,04,1,L,PS2,K,5,02,1,L,L,PS2_K_02_1_L
K041R,K,04,1,R,PS2,K,5,02,1,L,R,PS2_K_02_1_R
K042L,K,04,2,L,PS2,K,5,02,2,L,L,PS2_K_02_2_L
K042R,K,04,2,R,PS2,K,5,02,2,L,R,PS2_K_02_2_R
K043L,K,04,3,L,PS2,K,5,02,3,L,L,PS2_K_02_3_L
K043R,K,04,3,R,PS2,K,5,02,3,L,R,PS2_K_02_3_R
K044L,K,04,4,L,PS2,K,5,02,4,L,L,PS2_K_02_4_L
K044R,K,04,4,R,PS2,K,5,02,4,L,R,PS2_K_02_4_R
K045L,K,04,5,L,PS2,K,5,02,5,L,L,PS2_K_02_5_L
K045R,K,04,5,R,PS2,K,5,02,5,L,R,PS2_K_02_5_R
K046L,K,04,6,L,PS2,K,5,02,6,L,L,PS2_K_02_6_L
K046R,K,04,6,R,PS2,K,5,02,6,L,R,PS2_K_02_6_R
K051L,K,05,1,L,PS2,K,5,01,1,L,L,PS2_K_01_1_L
K051R,K,05,1,R,PS2,K,5,01,1,L,R,PS2_K_01_1_R
K052L,K,05,2,L,PS2,K,5,01,2,L,L,PS2_K_01_2_L
K052R,K,05,2,R,PS2,K,5,01,2,L,R,PS2_K_01_2_R
K053L,K,05,3,L,PS2,K,5,01,3,L,L,PS2_K_01_3_L
K053R,K,05,3,R,PS2,K,5,01,3,L,R,PS2_K_01_3_R
K054L,K,05,4,L,PS2,K,5,01,4,L,L,PS2_K_01_4_L
K054R,K,05,4,R,PS2,K,5,01,4,L,R,PS2_K_01_4_R
K055L,K,05,5,L,PS2,K,5,01,5,L,L,PS2_K_01_5_L
K055R,K,05,5,R,PS2,K,5,01,5,L,R,PS2_K_01_5_R
K056L,K,05,6,L,PS2,K,5,01,6,L,L,PS2_K_01_6_L
K056R,K,05,6,R,PS2,K,5,01,6,L,R,PS2_K_01_6_R
